code,name,market,industry,listed
0000D0,TIGER 엔비디아미국채커버드콜밸런스(합성),ETF,ETF,
0000H0,KODEX 인도Nifty미드캡100,ETF,ETF,
0000J0,PLUS 한화그룹주,ETF,ETF,
0000Y0,HK 26-12 회사채(AA-이상)액티브,ETF,ETF,
0000Z0,RISE 바이오TOP10액티브,ETF,ETF,
0001P0,마이티 바이오시밀러&CDMO액티브,ETF,ETF,
0002C0,에셋플러스 인도일등기업포커스20액티브,ETF,ETF,
0004G0,1Q 미국배당TOP30,ETF,ETF,
0005A0,KODEX 미국S&P500데일리커버드콜OTM,ETF,ETF,
0005C0,RISE 미국S&P500엔화노출(합성 H),ETF,ETF,
0005D0,SOL 전고체배터리&실리콘음극재,ETF,ETF,
0005G0,IBK K-AI반도체코어테크,ETF,ETF,
0007F0,KODEX 27-12 회사채(AA-이상)액티브,ETF,ETF,
0007G0,PLUS 글로벌원자력밸류체인,ETF,ETF,
0007N0,아이엠에셋 200,ETF,ETF,
0008E0,ACE 미국중심중소형제조업,ETF,ETF,
0008S0,TIGER 미국배당다우존스타겟데일리커버드콜,ETF,ETF,
0008T0,SOL 화장품TOP3플러스,ETF,ETF,
0013P0,RISE 미국은행TOP10,ETF,ETF,
0013R0,RISE 테슬라미국채타겟커버드콜혼합(합성),ETF,ETF,
0015B0,KoAct 미국나스닥성장기업액티브,ETF,ETF,
0015E0,KIWOOM 엔비디아미국30년국채혼합액티브(H),ETF,ETF,
0015F0,KIWOOM 팔란티어미국30년국채혼합액티브(H),ETF,ETF,
0015K0,TIGER 미국소비트렌드액티브,ETF,ETF,
0016X0,SOL 중단기회사채(A-이상)액티브,ETF,ETF,
0017Y0,1Q 종합채권(AA-이상)액티브,ETF,ETF,
0018C0,PLUS 고배당주위클리고정커버드콜,ETF,ETF,
0018Z0,RISE 미국양자컴퓨팅,ETF,ETF,
0019K0,TIME 미국나스닥100채권혼합50액티브,ETF,ETF,
0020H0,KoAct 글로벌양자컴퓨팅액티브,ETF,ETF,
0022T0,SOL 국제금커버드콜액티브,ETF,ETF,
0023A0,SOL 미국양자컴퓨팅TOP10,ETF,ETF,
0023B0,PLUS 미국양자컴퓨팅TOP10,ETF,ETF,
0025N0,TIGER TDF2045 적격,ETF,ETF,
0026E0,KODEX 미국S&P500버퍼3월액티브,ETF,ETF,
0026S0,1Q 미국S&P500,ETF,ETF,
0028X0,KODEX 미국금융테크액티브,ETF,ETF,
0035T0,PLUS 글로벌휴머노이드로봇액티브,ETF,ETF,
0036R0,RISE 미국휴머노이드로봇,ETF,ETF,
0036Z0,RISE 미국천연가스밸류체인,ETF,ETF,
0038A0,KODEX 미국휴머노이드로봇,ETF,ETF,
0040S0,HANARO 글로벌피지컬AI액티브,ETF,ETF,
0040X0,SOL 팔란티어미국채커버드콜혼합,ETF,ETF,
0040Y0,SOL 팔란티어커버드콜OTM채권혼합,ETF,ETF,
0041D0,KODEX 미국AI소프트웨어TOP10,ETF,ETF,
0041E0,KODEX 미국S&P500액티브,ETF,ETF,
0043B0,TIGER 머니마켓액티브,ETF,ETF,
0043Y0,TIME 차이나AI테크액티브,ETF,ETF,
0046A0,TIGER 미국초단기(3개월이하)국채,ETF,ETF,
0046Y0,ACE 미국배당퀄리티,ETF,ETF,
0047A0,TIGER 차이나테크TOP10,ETF,ETF,
0047N0,PLUS 차이나AI테크TOP10,ETF,ETF,
0047P0,RISE 테슬라고정테크100,ETF,ETF,
0047R0,RISE 팔란티어고정테크100,ETF,ETF,
0048J0,KODEX 미국머니마켓액티브,ETF,ETF,
0048K0,KODEX 차이나휴머노이드로봇,ETF,ETF,
0049K0,ACE 미국배당퀄리티채권혼합50,ETF,ETF,
0049M0,ACE 미국배당퀄리티+커버드콜액티브,ETF,ETF,
0050E0,PLUS 미국AI에이전트,ETF,ETF,
0051A0,KoAct 브로드컴밸류체인액티브,ETF,ETF,
0051G0,SOL 미국원자력SMR,ETF,ETF,
0052D0,TIGER 코리아배당다우존스,ETF,ETF,
0052S0,1Q 미국S&P500미국채혼합50액티브,ETF,ETF,
0052T0,1Q 중단기회사채(A-이상)액티브,ETF,ETF,
0053L0,TIGER 차이나휴머노이드로봇,ETF,ETF,
0053M0,더제이 중소형포커스액티브,ETF,ETF,
0057H0,PLUS 미국S&P500미국채혼합50액티브,ETF,ETF,
0060H0,TIGER 토탈월드스탁액티브,ETF,ETF,
0061Z0,RISE 단기특수은행채액티브,ETF,ETF,
0064K0,KODEX 금액티브,ETF,ETF,
0065G0,KODEX 차이나테크TOP10,ETF,ETF,
0066W0,SOL 국제금,ETF,ETF,
0067V0,TIGER 차이나글로벌리더스TOP3+,ETF,ETF,
0067Y0,TIGER 차이나AI소프트웨어,ETF,ETF,
0068M0,KODEX 미국S&P500버퍼6월액티브,ETF,ETF,
0069M0,1Q 미국나스닥100,ETF,ETF,
0072R0,TIGER KRX금현물,ETF,ETF,
0073X0,FOCUS 알리바바미국채커버드콜혼합,ETF,ETF,
0074K0,KoAct K수출핵심기업TOP30액티브,ETF,ETF,
0078V0,PLUS 미국로보택시,ETF,ETF,
0079X0,ACE BYD밸류체인액티브,ETF,ETF,
0080G0,KODEX 방산TOP10,ETF,ETF,
0080X0,SOL 미국S&P500미국채혼합50,ETF,ETF,
0080Y0,SOL 조선TOP3플러스레버리지,ETF,ETF,
0082F0,HANARO 유럽방산,ETF,ETF,
0082V0,KODEX TDF2060액티브 적격,ETF,ETF,
0083S0,1Q 미국메디컬AI,ETF,ETF,
0084D0,KIWOOM 미국테크100월간목표헤지액티브,ETF,ETF,
0084E0,KIWOOM 미국대형주500월간목표헤지액티브,ETF,ETF,
0085N0,ACE 미국10년국채액티브(H),ETF,ETF,
0085P0,ACE 미국10년국채액티브,ETF,ETF,
0086B0,TIGER 리츠부동산인프라TOP10액티브,ETF,ETF,
0086C0,TIGER 리츠부동산인프라10채권혼합액티브,ETF,ETF,
0087F0,ACE 차이나AI빅테크TOP2+액티브,ETF,ETF,
0088N0,WON K-글로벌수급상위,ETF,ETF,
0089B0,PLUS 미국나스닥100미국채혼합50,ETF,ETF,
0089C0,KODEX 미국S&P500변동성확대시커버드콜,ETF,ETF,
0089D0,KODEX 금융고배당TOP10,ETF,ETF,
0090B0,PLUS K방산소부장,ETF,ETF,
0091C0,KODEX 미국10년국채액티브(H),ETF,ETF,
0091M0,HANARO 27-06 회사채(AA-이상)액티브,ETF,ETF,
0091P0,TIGER 코리아원자력,ETF,ETF,
0092B0,SOL 한국원자력SMR,ETF,ETF,
0092C0,SOL 27-12 회사채(AA-이상)액티브,ETF,ETF,
0093A0,RISE AI반도체TOP10,ETF,ETF,
0093B0,RISE 엔비디아고정테크100,ETF,ETF,
0093D0,KoAct 팔란티어밸류체인액티브,ETF,ETF,
0094K0,TIGER 28-04 회사채(A+이상)액티브,ETF,ETF,
0094L0,RISE 차이나테크TOP10위클리타겟커버드콜,ETF,ETF,
0094M0,RISE 코리아밸류업위클리고정커버드콜,ETF,ETF,
0094X0,1Q 샤오미밸류체인액티브,ETF,ETF,
0097L0,KIWOOM 한국고배당&미국AI테크,ETF,ETF,
0098F0,KODEX 원자력SMR,ETF,ETF,
0098N0,PLUS 자사주매입고배당주,ETF,ETF,
0098Z0,FOCUS 200,ETF,ETF,
0099L0,ACE 우량회사채(AA-이상)액티브,ETF,ETF,
0100K0,KODEX 방산TOP10레버리지,ETF,ETF,
0101N0,RISE AI전력인프라,ETF,ETF,
0102A0,TIGER 미국AI소프트웨어TOP4Plus,ETF,ETF,
0102X0,ACE 유럽방산TOP10,ETF,ETF,
0103T0,1Q K소버린AI,ETF,ETF,
0104G0,PLUS K방산레버리지,ETF,ETF,
0104H0,KoAct 미국나스닥채권혼합50액티브,ETF,ETF,
0104N0,TIGER 200타겟위클리커버드콜,ETF,ETF,
0104P0,TIGER 코리아배당다우존스위클리커버드콜,ETF,ETF,
0105D0,SOL 한국AI소프트웨어,ETF,ETF,
0105E0,SOL 코리아고배당,ETF,ETF,
0107F0,KIWOOM 미국고배당&AI테크,ETF,ETF,
0111J0,HANARO 증권고배당TOP3플러스,ETF,ETF,
0111P0,1Q 미국나스닥100미국채혼합50액티브,ETF,ETF,
0112X0,마이티 200TR,ETF,ETF,
0113D0,TIME 글로벌탑픽액티브,ETF,ETF,
0113G0,KoAct 미국바이오헬스케어액티브,ETF,ETF,
0113P0,HK 머니마켓액티브,ETF,ETF,
0114X0,RISE 글로벌게임테크TOP3Plus,ETF,ETF,
0115C0,RISE 미국고배당다우존스TOP10,ETF,ETF,
0115D0,KODEX 조선TOP10,ETF,ETF,
0115E0,KODEX 코리아소버린AI,ETF,ETF,
0117L0,KODEX 26-12 금융채(AA-이상)액티브,ETF,ETF,
0117V0,TIGER 코리아AI전력기기TOP3플러스,ETF,ETF,
0118S0,SOL 미국넥스트테크TOP10액티브,ETF,ETF,
0118Z0,ACE 미국AI테크핵심산업액티브,ETF,ETF,
0119H0,KODEX 28-12 회사채(AA-이상)액티브,ETF,ETF,
0120J0,BNK 카카오그룹포커스,ETF,ETF,
0122W0,RISE 26-11 회사채(AA-이상)액티브,ETF,ETF,
0123G0,TIGER 미국AI전력SMR,ETF,ETF,
0123S0,HANARO 26-12 은행채(AA+이상)액티브,ETF,ETF,
0127M0,ACE 미국대형가치주액티브,ETF,ETF,
0127P0,ACE 미국대형성장주액티브,ETF,ETF,
0127R0,RISE 미국AI클라우드인프라,ETF,ETF,
0127T0,KIWOOM 미국S&P500&배당다우존스비중전환,ETF,ETF,
0127V0,KIWOOM 미국S&P500 TOP10&배당다우비중전환,ETF,ETF,
0128D0,PLUS 차이나항셍테크위클리타겟커버드콜,ETF,ETF,
0131A0,SOL 차이나소비트렌드,ETF,ETF,
0131V0,1Q 미국우주항공테크,ETF,ETF,
0131W0,1Q 단기특수은행채액티브,ETF,ETF,
0132D0,KoAct 글로벌K컬처밸류체인액티브,ETF,ETF,
0132H0,KODEX 미국원자력SMR,ETF,ETF,
0132K0,PLUS 테슬라위클리커버드콜채권혼합,ETF,ETF,
0133E0,TIGER 차이나증권,ETF,ETF,
0135Y0,IBK 중기종합채권(AA-이상)액티브,ETF,ETF,
0137V0,KIWOOM 미국S&P500모멘텀,ETF,ETF,
0137W0,KIWOOM 미국S&P500&GOLD,ETF,ETF,
0138D0,RISE 동학개미,ETF,ETF,
0138T0,RISE 미국S&P500데일리고정커버드콜,ETF,ETF,
0138Y0,PLUS 금채권혼합,ETF,ETF,
0139F0,TIGER 12월자동연장금융채(AA-이상)액티브,ETF,ETF,
0139P0,ACE 고배당주,ETF,ETF,
0141S0,SOL 조선기자재,ETF,ETF,
0141T0,SOL 중기종합채권(AA-이상)액티브,ETF,ETF,
0142D0,TIGER 미국AI데이터센터TOP4Plus,ETF,ETF,
0144L0,KODEX 미국성장커버드콜액티브,ETF,ETF,
0144M0,KODEX 미국드론UAM TOP10,ETF,ETF,
0148J0,TIGER 코리아휴머노이드로봇산업,ETF,ETF,
0150K0,KoAct 수소전력ESS인프라액티브,ETF,ETF,
0151P0,RISE 코리아전략산업액티브,ETF,ETF,
0151S0,KODEX 미국AI반도체TOP3플러스,ETF,ETF,
0152E0,SOL 배당성향탑픽액티브,ETF,ETF,
0153K0,KODEX 주주환원고배당주,ETF,ETF,
0153P0,ACE 리츠부동산인프라액티브,ETF,ETF,
0153X0,PLUS 미국고배당주액티브,ETF,ETF,
0154F0,WON 초대형IB&금융지주,ETF,ETF,
0154H0,KoAct 차이나바이오헬스케어액티브,ETF,ETF,
0155M0,ACE 미국SMR원자력TOP10,ETF,ETF,
0155N0,HANARO K휴머노이드테마TOP10,ETF,ETF,
0162L0,KODEX 차이나AI반도체TOP10,ETF,ETF,
0162M0,KODEX 금융채1~2년(AA-이상)PLUS액티브,ETF,ETF,
0162Y0,TIME 코스닥액티브,ETF,ETF,
0162Z0,RISE 삼성전자SK하이닉스채권혼합50,ETF,ETF,
0163Y0,KoAct 코스닥액티브,ETF,ETF,
0164G0,RISE 차이나AI반도체TOP4Plus,ETF,ETF,
0166N0,PLUS 코스닥150액티브,ETF,ETF,
0166S0,PLUS K제조업핵심기업액티브,ETF,ETF,
0166T0,PLUS 글로벌저작권핵심기업액티브,ETF,ETF,
0167A0,SOL AI반도체TOP2플러스,ETF,ETF,
0167B0,SOL 200타겟위클리커버드콜,ETF,ETF,
0167Z0,KODEX 미국우주항공,ETF,ETF,
0168K0,TIGER 기술이전바이오액티브,ETF,ETF,
0172V0,1Q 은액티브,ETF,ETF,
0172Y0,ACE K수출핵심TOP10산업액티브,ETF,ETF,
0173Y0,KODEX 미국AI광통신네트워크,ETF,ETF,
0174B0,KoAct 글로벌AI메모리반도체액티브,ETF,ETF,
0174J0,DAISHIN 오피스리츠플러스,ETF,ETF,
0174R0,KIWOOM 미국성장다우존스,ETF,ETF,
0176E0,RISE 미국AI전력인프라액티브,ETF,ETF,
0176P0,FOCUS AI반도체위클리고정커버드콜,ETF,ETF,
0177A0,WON 두산그룹포커스,ETF,ETF,
0177N0,KODEX 삼성전자SK하이닉스채권혼합50,ETF,ETF,
0177R0,TIGER 반도체TOP10커버드콜액티브,ETF,ETF,
0177X0,ACE K휴머노이드로봇산업TOP2+,ETF,ETF,
0178H0,IBK 미국AI TOP10국채혼합50,ETF,ETF,
0180V0,ACE 미국우주테크액티브,ETF,ETF,
0181B0,HANARO 미국AI메모리반도체TOP4+,ETF,ETF,
0181L0,SOL 미국우주항공TOP10,ETF,ETF,
0182R0,1Q K반도체TOP2+,ETF,ETF,
0182S0,1Q K반도체TOP2채권혼합50,ETF,ETF,
0183J0,TIGER 미국우주테크,ETF,ETF,
0183V0,KIWOOM 삼성전자&SK하이닉스채권혼합50,ETF,ETF,
0184E0,1Q 200채권혼합50액티브,ETF,ETF,
0184L0,PLUS 중기종합채권(A-이상)액티브,ETF,ETF,
0184N0,PLUS 은채권혼합,ETF,ETF,
0184V0,UNICORN K바이오액티브,ETF,ETF,
0185L0,TIME 글로벌휴머노이드로봇산업액티브,ETF,ETF,
0186L0,KoAct 미국로봇피지컬AI액티브,ETF,ETF,
0186S0,1Q 코스닥150채권혼합50액티브,ETF,ETF,
0189B0,TIGER 은액티브,ETF,ETF,
0189Z0,DAISHIN 금융&지주고배당,ETF,ETF,
0190C0,RISE 현대차고정피지컬AI,ETF,ETF,
0190G0,KODEX 반도체타겟위클리커버드콜,ETF,ETF,
0190M0,KIWOOM 미국AI테크하이베타,ETF,ETF,
0190Y0,TIGER 구글밸류체인,ETF,ETF,
0191B0,MIDAS 코스닥액티브,ETF,ETF,
0191M0,마이티 5월만기자동연장특수채(AAA)액티브,ETF,ETF,
0191S0,IBK 코스닥150,ETF,ETF,
0191W0,HANARO 중기종합채권(A-이상)액티브,ETF,ETF,
0192L0,RISE SK하이닉스단일종목레버리지,ETF,ETF,
0192M0,RISE 삼성전자단일종목레버리지,ETF,ETF,
0192S0,SOL 코스피200채권혼합50,ETF,ETF,
0192T0,SOL 코스닥TOP10,ETF,ETF,
0192Z0,TIGER 중기종합채권(A-이상)액티브,ETF,ETF,
0193G0,KoAct 코스피액티브,ETF,ETF,
0193K0,PLUS 삼성전자단일종목레버리지,ETF,ETF,
0193L0,PLUS 삼성전자선물단일종목인버스2X,ETF,ETF,
0193M0,BNK 27-12 특수채(AAA이상)액티브,ETF,ETF,
0193T0,KODEX SK하이닉스단일종목레버리지,ETF,ETF,
0193W0,KODEX 삼성전자단일종목레버리지,ETF,ETF,
0194M0,ACE 삼성전자단일종목레버리지,ETF,ETF,
0194N0,KIWOOM 삼성전자선물단일종목레버리지,ETF,ETF,
0194R0,KIWOOM SK하이닉스선물단일종목레버리지,ETF,ETF,
0194T0,ACE SK하이닉스단일종목레버리지,ETF,ETF,
0195R0,TIGER 삼성전자단일종목레버리지,ETF,ETF,
0195S0,TIGER SK하이닉스단일종목레버리지,ETF,ETF,
0197W0,SOL SK하이닉스단일종목레버리지,ETF,ETF,
0197X0,SOL SK하이닉스선물단일종목인버스2X,ETF,ETF,
0198A0,KIWOOM 코스닥150커버드콜액티브,ETF,ETF,
0198B0,1Q 삼성전자선물단일종목레버리지,ETF,ETF,
0198D0,1Q SK하이닉스선물단일종목레버리지,ETF,ETF,
0199C0,ACE 고배당주Plus커버드콜액티브,ETF,ETF,
0203D0,PLUS 200위클리커버드콜채권혼합,ETF,ETF,
0203R0,WON 중단기종합채권(A-이상)액티브,ETF,ETF,
0203S0,WON 삼성전자현대차채권혼합50,ETF,ETF,
0204D0,KODEX 현대차로보틱스밸류체인TOP3플러스,ETF,ETF,
0204S0,TIGER 코스닥액티브,ETF,ETF,
0206G0,1Q 현대차기아채권혼합50,ETF,ETF,
0207G0,SOL 우주항공밸류체인,ETF,ETF,
0207Z0,KIWOOM 미국우주데이터센터인프라,ETF,ETF,
0208N0,IBK 코스피액티브,ETF,ETF,
0209D0,KODEX 전고체배터리ESS TOP2플러스,ETF,ETF,
0209Z0,ACE 코리아AI전력TOP10,ETF,ETF,
0210A0,ACE K반도체TOP2+,ETF,ETF,
0210E0,PLUS 200커버드콜액티브,ETF,ETF,
0214M0,MIDAS 바이오헬스케어액티브,ETF,ETF,
0215T0,HANARO 미국AI광통신TOP10,ETF,ETF,
0216K0,KIWOOM 미국우주테크TOP2채권혼합50,ETF,ETF,
0216Z0,ACE K방산TOP5+,ETF,ETF,
0218J0,RISE 미국우주&로봇TOP2미국채혼합50,ETF,ETF,
0218K0,BNK 스마트카,ETF,ETF,
0219B0,KoAct 광통신&위성네트워크액티브,ETF,ETF,
0219E0,KODEX 200커버드콜액티브,ETF,ETF,
0219Z0,HANARO 미국S&P500액티브,ETF,ETF,
0220A0,KIWOOM 현대차그룹TOP3채권혼합50,ETF,ETF,
0220B0,DS 코스닥액티브,ETF,ETF,
0221V0,IBK 초단기채권액티브,ETF,ETF,
0221Z0,ACE K바이오코스닥액티브,ETF,ETF,
0222D0,KoAct 고배당액티브,ETF,ETF,
0222F0,마이티 AI데이터센터밸류체인,ETF,ETF,
0223A0,RISE 코스닥커버드콜액티브,ETF,ETF,
0223R0,TIGER 미국테크NYSE100액티브,ETF,ETF,
0224D0,KIWOOM 미국CPU반도체TOP4+,ETF,ETF,
0224X0,1Q 엔비디아알파벳미국채혼합50,ETF,ETF,
0225V0,KODEX 미국CPU반도체TOP10,ETF,ETF,
0226A0,PLUS SK하이닉스샌디스크채권혼합50,ETF,ETF,
0226D0,FOCUS 금융반도체지주채권혼합50액티브,ETF,ETF,
0226G0,WON 피지컬AI TOP2플러스액티브,ETF,ETF,
0227K0,RISE 미국우주위성통신,ETF,ETF,
0227L0,HANARO 미국에이전틱AI TOP2+,ETF,ETF,
0228G0,ACE 반도체Plus전략산업,ETF,ETF,
0229F0,마이티 신약포커스바이오액티브,ETF,ETF,
0231Z0,KODEX 코리아TDF2065액티브 적격,ETF,ETF,
0232A0,MIDAS 머니마켓액티브,ETF,ETF,
0233A0,ACE 삼성전자SK하이닉스플러스채권혼합50,ETF,ETF,
0233J0,TIGER 삼성전자SK하이닉스미국채혼합50,ETF,ETF,
0233N0,RISE 글로벌AI낸드메모리반도체,ETF,ETF,
0234N0,KIWOOM 삼성SK그룹TOP4+,ETF,ETF,
0238F0,KODEX 미국AI메모리TOP2플러스,ETF,ETF,
0238P0,TIGER 미국S&P500미국채혼합50,ETF,ETF,
0239Y0,PLUS 코리아HBM반도체,ETF,ETF,
0239Z0,PLUS AI반도체소부장액티브,ETF,ETF,
069500,KODEX 200,ETF,ETF,
069660,KIWOOM 200,ETF,ETF,
091160,KODEX 반도체,ETF,ETF,
091170,KODEX 은행,ETF,ETF,
091180,KODEX 자동차,ETF,ETF,
091220,TIGER 은행,ETF,ETF,
091230,TIGER 반도체,ETF,ETF,
099140,KODEX 차이나H,ETF,ETF,
100910,KIWOOM KRX100,ETF,ETF,
101280,KODEX 일본TOPIX100,ETF,ETF,
102110,TIGER 200,ETF,ETF,
102780,KODEX 삼성그룹,ETF,ETF,
102960,KODEX 기계장비,ETF,ETF,
102970,KODEX 증권,ETF,ETF,
104520,KIWOOM 블루칩,ETF,ETF,
104530,KIWOOM 코리아고배당,ETF,ETF,
105010,TIGER 라틴35,ETF,ETF,
105190,ACE 200,ETF,ETF,
105780,RISE 5대그룹주,ETF,ETF,
108450,ACE 삼성그룹섹터가중,ETF,ETF,
108590,TREX 200,ETF,ETF,
114100,RISE 국고채3년,ETF,ETF,
114260,KODEX 국고채3년,ETF,ETF,
114460,ACE 국고채3년,ETF,ETF,
114470,KIWOOM 국고채3년,ETF,ETF,
114800,KODEX 인버스,ETF,ETF,
114820,TIGER 국채3년,ETF,ETF,
117460,KODEX 에너지화학,ETF,ETF,
117680,KODEX 철강,ETF,ETF,
117690,TIGER 차이나항셍30,ETF,ETF,
117700,KODEX 건설,ETF,ETF,
122090,PLUS 코스피50,ETF,ETF,
122260,KIWOOM 통안채1년,ETF,ETF,
122630,KODEX 레버리지,ETF,ETF,
123310,TIGER 인버스,ETF,ETF,
123320,TIGER 레버리지,ETF,ETF,
130680,TIGER 원유선물Enhanced(H),ETF,ETF,
130730,KIWOOM 단기자금,ETF,ETF,
131890,ACE 삼성그룹동일가중,ETF,ETF,
132030,KODEX 골드선물(H),ETF,ETF,
133690,TIGER 미국나스닥100,ETF,ETF,
136340,RISE 중기우량회사채,ETF,ETF,
137610,TIGER 농산물선물Enhanced(H),ETF,ETF,
138230,KIWOOM 미국달러선물,ETF,ETF,
138520,TIGER 삼성그룹,ETF,ETF,
138530,TIGER LG그룹플러스,ETF,ETF,
138540,TIGER 현대차그룹플러스,ETF,ETF,
138910,KODEX 구리선물(H),ETF,ETF,
138920,KODEX 콩선물(H),ETF,ETF,
139220,TIGER 200 건설,ETF,ETF,
139230,TIGER 200 중공업,ETF,ETF,
139240,TIGER 200 철강소재,ETF,ETF,
139250,TIGER 200 에너지화학,ETF,ETF,
139260,TIGER 200 IT,ETF,ETF,
139270,TIGER 200 금융,ETF,ETF,
139280,TIGER 경기방어,ETF,ETF,
139290,TIGER 200 경기소비재,ETF,ETF,
139320,TIGER 금은선물(H),ETF,ETF,
139660,KIWOOM 미국달러선물인버스,ETF,ETF,
140570,RISE 수출주,ETF,ETF,
140580,RISE 우량업종대표주,ETF,ETF,
140700,KODEX 보험,ETF,ETF,
140710,KODEX 운송,ETF,ETF,
140950,파워 코스피100,ETF,ETF,
143850,TIGER 미국S&P500선물(H),ETF,ETF,
143860,TIGER 헬스케어,ETF,ETF,
144600,KODEX 은선물(H),ETF,ETF,
145670,ACE 인버스,ETF,ETF,
145850,TREX 펀더멘탈 200,ETF,ETF,
147970,TIGER 모멘텀,ETF,ETF,
148020,RISE 200,ETF,ETF,
148070,KIWOOM 국고채10년,ETF,ETF,
150460,TIGER 중국소비테마,ETF,ETF,
152100,PLUS 200,ETF,ETF,
152380,KODEX 국채선물10년,ETF,ETF,
152500,ACE 레버리지,ETF,ETF,
152870,파워 200,ETF,ETF,
153130,KODEX 단기채권,ETF,ETF,
153270,KIWOOM 코스피100,ETF,ETF,
156080,KODEX MSCI Korea,ETF,ETF,
157450,TIGER 단기통안채,ETF,ETF,
157490,TIGER 소프트웨어,ETF,ETF,
157500,TIGER 증권,ETF,ETF,
159800,마이티 코스피100,ETF,ETF,
160580,TIGER 구리실물,ETF,ETF,
161510,PLUS 고배당주,ETF,ETF,
166400,TIGER 200커버드콜OTM,ETF,ETF,
167860,KIWOOM 국고채10년레버리지,ETF,ETF,
168580,ACE 중국본토CSI300,ETF,ETF,
169950,KODEX 차이나A50,ETF,ETF,
174350,TIGER 로우볼,ETF,ETF,
174360,RISE 중국본토대형주CSI100,ETF,ETF,
176950,KODEX 국채선물10년인버스,ETF,ETF,
181480,ACE 미국부동산리츠(합성 H),ETF,ETF,
182480,TIGER 미국MSCI리츠(합성 H),ETF,ETF,
182490,TIGER 단기선진하이일드(합성 H),ETF,ETF,
183700,RISE 200채권혼합50,ETF,ETF,
183710,RISE 주식혼합,ETF,ETF,
185680,KODEX 미국S&P바이오(합성),ETF,ETF,
189400,PLUS 글로벌MSCI(합성 H),ETF,ETF,
190620,ACE 단기통안채,ETF,ETF,
192090,TIGER 차이나CSI300,ETF,ETF,
192720,파워 고배당저변동성,ETF,ETF,
195920,TIGER 일본TOPIX(합성 H),ETF,ETF,
195930,TIGER 유로스탁스50(합성 H),ETF,ETF,
195970,PLUS 선진국MSCI(합성 H),ETF,ETF,
195980,PLUS 신흥국MSCI(합성 H),ETF,ETF,
196030,ACE 일본TOPIX레버리지(H),ETF,ETF,
196230,RISE 단기통안채,ETF,ETF,
200030,KODEX 미국S&P500산업재(합성),ETF,ETF,
200250,KIWOOM 인도Nifty50(합성),ETF,ETF,
203780,TIGER 미국나스닥바이오,ETF,ETF,
204450,KODEX 차이나H레버리지(H),ETF,ETF,
204480,TIGER 차이나CSI300레버리지(합성),ETF,ETF,
205720,ACE 일본TOPIX인버스(합성 H),ETF,ETF,
210780,TIGER 코스피고배당,ETF,ETF,
211560,TIGER 배당성장,ETF,ETF,
211900,KODEX 코리아배당성장,ETF,ETF,
213610,KODEX 삼성그룹밸류,ETF,ETF,
213630,PLUS 미국다우존스고배당주(합성 H),ETF,ETF,
214980,KODEX 단기채권PLUS,ETF,ETF,
215620,HK S&P코리아로우볼,ETF,ETF,
217770,TIGER 원유선물인버스(H),ETF,ETF,
217780,TIGER 차이나CSI300인버스(합성),ETF,ETF,
218420,KODEX 미국S&P500에너지(합성),ETF,ETF,
219390,RISE 미국S&P원유생산기업(합성 H),ETF,ETF,
219480,KODEX 미국S&P500선물(H),ETF,ETF,
219900,ACE 중국본토CSI300레버리지(합성),ETF,ETF,
220130,SOL 차이나강소기업CSI500(합성 H),ETF,ETF,
223190,KODEX 200가치저변동,ETF,ETF,
225030,TIGER 미국S&P500선물인버스(H),ETF,ETF,
225040,TIGER 미국S&P500레버리지(합성 H),ETF,ETF,
225050,TIGER 유로스탁스레버리지(합성 H),ETF,ETF,
225060,TIGER 이머징마켓MSCI레버리지(합성 H),ETF,ETF,
225130,ACE 골드선물 레버리지(합성 H),ETF,ETF,
225800,KIWOOM 미국달러선물레버리지,ETF,ETF,
226380,ACE Fn성장소비주도주,ETF,ETF,
226490,KODEX 코스피,ETF,ETF,
226980,KODEX 200 중소형,ETF,ETF,
227540,TIGER 200 헬스케어,ETF,ETF,
227550,TIGER 200 산업재,ETF,ETF,
227560,TIGER 200 생활소비재,ETF,ETF,
227570,TIGER 우량가치,ETF,ETF,
227830,PLUS 코스피,ETF,ETF,
228790,TIGER 화장품,ETF,ETF,
228800,TIGER 여행레저,ETF,ETF,
228810,TIGER 미디어컨텐츠,ETF,ETF,
228820,TIGER KTOP30,ETF,ETF,
229200,KODEX 코스닥150,ETF,ETF,
229720,KODEX KTOP30,ETF,ETF,
230480,KIWOOM 미국달러선물인버스2X,ETF,ETF,
232080,TIGER 코스닥150,ETF,ETF,
233160,TIGER 코스닥150 레버리지,ETF,ETF,
233740,KODEX 코스닥150레버리지,ETF,ETF,
234310,RISE V&S셀렉트밸류,ETF,ETF,
236350,TIGER 인도니프티50레버리지(합성),ETF,ETF,
237350,KODEX 코스피100,ETF,ETF,
237370,KODEX 코리아배당성장채권혼합,ETF,ETF,
237440,TIGER 경기방어채권혼합,ETF,ETF,
238670,PLUS 스마트베타Quality채권혼합,ETF,ETF,
238720,ACE 일본Nikkei225(H),ETF,ETF,
239660,PLUS 우량회사채50,ETF,ETF,
241180,TIGER 일본니케이225,ETF,ETF,
241390,RISE V&S셀렉트밸류채권혼합,ETF,ETF,
243880,TIGER 200IT레버리지,ETF,ETF,
243890,TIGER 200에너지화학레버리지,ETF,ETF,
244580,KODEX 바이오,ETF,ETF,
244620,KODEX 모멘텀Plus,ETF,ETF,
244660,KODEX 퀄리티Plus,ETF,ETF,
244670,KODEX 밸류Plus,ETF,ETF,
245340,TIGER 미국다우존스30,ETF,ETF,
245350,TIGER 유로스탁스배당30,ETF,ETF,
245360,TIGER 차이나HSCEI,ETF,ETF,
245710,ACE 베트남VN30(합성),ETF,ETF,
248270,TIGER S&P글로벌헬스케어(합성),ETF,ETF,
250730,RISE 차이나HSCEI(H),ETF,ETF,
250780,TIGER 코스닥150선물인버스,ETF,ETF,
251340,KODEX 코스닥150선물인버스,ETF,ETF,
251350,KODEX MSCI선진국,ETF,ETF,
251590,PLUS 고배당저변동50,ETF,ETF,
251600,PLUS 고배당주채권혼합,ETF,ETF,
252000,TIGER 200동일가중,ETF,ETF,
252400,RISE 200선물레버리지,ETF,ETF,
252410,RISE 200선물인버스,ETF,ETF,
252420,RISE 200선물인버스2X,ETF,ETF,
252650,KODEX 200동일가중,ETF,ETF,
252670,KODEX 200선물인버스2X,ETF,ETF,
252710,TIGER 200선물인버스2X,ETF,ETF,
253150,PLUS 200선물레버리지,ETF,ETF,
253160,PLUS 200선물인버스2X,ETF,ETF,
253230,KIWOOM 200선물인버스2X,ETF,ETF,
253240,KIWOOM 200선물인버스,ETF,ETF,
253250,KIWOOM 200선물레버리지,ETF,ETF,
253280,RISE 헬스케어,ETF,ETF,
253290,RISE 헬스케어채권혼합,ETF,ETF,
256440,ACE MSCI인도네시아(합성),ETF,ETF,
256450,PLUS 심천차이넥스트(합성),ETF,ETF,
256750,KODEX 차이나심천ChiNext(합성),ETF,ETF,
261060,TIGER 코스닥150IT,ETF,ETF,
261070,TIGER 코스닥150바이오테크,ETF,ETF,
261110,TIGER 미국달러선물레버리지,ETF,ETF,
261120,TIGER 미국달러선물인버스2X,ETF,ETF,
261140,TIGER 우선주,ETF,ETF,
261220,KODEX WTI원유선물(H),ETF,ETF,
261240,KODEX 미국달러선물,ETF,ETF,
261250,KODEX 미국달러선물레버리지,ETF,ETF,
261260,KODEX 미국달러선물인버스2X,ETF,ETF,
261270,KODEX 미국달러선물인버스,ETF,ETF,
261920,ACE MSCI필리핀(합성),ETF,ETF,
266160,RISE 고배당,ETF,ETF,
266360,KODEX K콘텐츠,ETF,ETF,
266370,KODEX IT,ETF,ETF,
266390,KODEX 경기소비재,ETF,ETF,
266410,KODEX 필수소비재,ETF,ETF,
266420,KODEX 헬스케어,ETF,ETF,
266550,PLUS 중형주저변동50,ETF,ETF,
267440,RISE 미국장기국채선물(H),ETF,ETF,
267450,RISE 미국장기국채선물인버스(H),ETF,ETF,
267490,RISE 미국장기국채선물레버리지(합성 H),ETF,ETF,
267770,TIGER 200선물레버리지,ETF,ETF,
269370,TIGER S&P글로벌인프라(합성),ETF,ETF,
269420,KODEX S&P글로벌인프라(합성),ETF,ETF,
269530,PLUS S&P글로벌인프라,ETF,ETF,
269540,PLUS 미국S&P500(H),ETF,ETF,
270800,RISE KQ고배당,ETF,ETF,
270810,RISE 코스닥150,ETF,ETF,
271050,KODEX WTI원유선물인버스(H),ETF,ETF,
271060,KODEX 3대농산물선물(H),ETF,ETF,
272560,RISE 단기국공채액티브,ETF,ETF,
272570,RISE 중장기국공채액티브,ETF,ETF,
272580,TIGER 단기채권액티브,ETF,ETF,
272910,ACE 중장기국공채액티브,ETF,ETF,
273130,KODEX 종합채권(AA-이상)액티브,ETF,ETF,
273140,KODEX 단기변동금리부채권액티브,ETF,ETF,
275280,KODEX 모멘텀주,ETF,ETF,
275290,KODEX 가치주,ETF,ETF,
275300,KODEX 우량주,ETF,ETF,
275750,RISE 코스닥150선물인버스,ETF,ETF,
275980,TIGER 글로벌4차산업혁신기술(합성 H),ETF,ETF,
276000,TIGER 글로벌자원생산기업(합성 H),ETF,ETF,
276650,RISE 글로벌테크놀로지(합성 H),ETF,ETF,
276970,KODEX 미국S&P500배당귀족커버드콜(합성 H),ETF,ETF,
276990,KODEX 글로벌로봇(합성),ETF,ETF,
277540,ACE 아시아TOP50,ETF,ETF,
277630,TIGER 코스피,ETF,ETF,
277640,TIGER 코스피대형주,ETF,ETF,
277650,TIGER 코스피중형주,ETF,ETF,
278240,RISE 코스닥150선물레버리지,ETF,ETF,
278530,KODEX 200TR,ETF,ETF,
278540,KODEX MSCI Korea TR,ETF,ETF,
278620,PLUS 단기채권액티브,ETF,ETF,
279530,KODEX 고배당주,ETF,ETF,
279540,KODEX 최소변동성,ETF,ETF,
280320,ACE 미국IT인터넷(합성 H),ETF,ETF,
280920,PLUS 주도업종,ETF,ETF,
280930,KODEX 미국러셀2000(H),ETF,ETF,
280940,KODEX 골드선물인버스(H),ETF,ETF,
281990,RISE 중소형고배당,ETF,ETF,
282000,RISE 국고채3년선물인버스,ETF,ETF,
283580,KODEX 차이나CSI300,ETF,ETF,
284430,KODEX 200미국채혼합50,ETF,ETF,
284980,RISE 200금융,ETF,ETF,
285690,FOCUS ESG리더스,ETF,ETF,
287180,PLUS 미국나스닥테크,ETF,ETF,
289040,KODEX MSCI KOREA ESG유니버설,ETF,ETF,
289250,TIGER MSCI KOREA ESG유니버설,ETF,ETF,
289260,TIGER MSCI KOREA ESG리더스,ETF,ETF,
289480,TIGER 200커버드콜,ETF,ETF,
289670,PLUS 국채선물10년,ETF,ETF,
290080,RISE 200고배당커버드콜ATM,ETF,ETF,
290130,RISE ESG사회책임투자,ETF,ETF,
291130,ACE MSCI멕시코(합성),ETF,ETF,
291620,KIWOOM 코스닥150선물인버스,ETF,ETF,
291630,KIWOOM 코스닥150선물레버리지,ETF,ETF,
291680,RISE 차이나H선물인버스(H),ETF,ETF,
291890,KODEX MSCI EM선물(H),ETF,ETF,
292050,RISE KRX300,ETF,ETF,
292150,TIGER 코리아TOP10,ETF,ETF,
292160,TIGER KRX300,ETF,ETF,
292190,KODEX KRX300,ETF,ETF,
292500,SOL KRX300,ETF,ETF,
292560,TIGER 일본엔선물,ETF,ETF,
292770,KODEX 국채선물3년인버스,ETF,ETF,
293180,HANARO 200,ETF,ETF,
294400,KIWOOM 200TR,ETF,ETF,
295000,RISE 국채선물10년,ETF,ETF,
295020,RISE 국채선물10년인버스,ETF,ETF,
295040,SOL 200TR,ETF,ETF,
298340,PLUS 국채선물3년,ETF,ETF,
298770,KODEX 한국대만IT프리미어,ETF,ETF,
300610,TIGER K게임,ETF,ETF,
300640,RISE 게임테마,ETF,ETF,
300950,KODEX 게임산업,ETF,ETF,
301400,PLUS 코스닥150,ETF,ETF,
302190,TIGER 중장기국채,ETF,ETF,
302450,RISE 코스피,ETF,ETF,
304660,KODEX 미국30년국채울트라선물(H),ETF,ETF,
304670,KODEX 미국30년국채울트라선물인버스(H),ETF,ETF,
304760,HANARO KRX300,ETF,ETF,
304770,HANARO 코스닥150,ETF,ETF,
304780,HANARO 200선물레버리지,ETF,ETF,
304940,KODEX 미국나스닥100선물(H),ETF,ETF,
305050,ACE 코스피,ETF,ETF,
305080,TIGER 미국채10년선물,ETF,ETF,
305540,TIGER 2차전지테마,ETF,ETF,
305720,KODEX 2차전지산업,ETF,ETF,
306520,HANARO 200선물인버스,ETF,ETF,
306530,HANARO 코스닥150선물레버리지,ETF,ETF,
306950,KODEX KRX300레버리지,ETF,ETF,
307510,TIGER 의료기기,ETF,ETF,
307520,TIGER 지주회사,ETF,ETF,
308620,KODEX 미국10년국채선물,ETF,ETF,
309230,ACE 미국WideMoat동일가중,ETF,ETF,
310080,RISE 중국MSCI China(H),ETF,ETF,
310960,TIGER 200TR,ETF,ETF,
310970,TIGER MSCI Korea TR,ETF,ETF,
314250,KODEX 미국빅테크10(H),ETF,ETF,
314700,HANARO 농업융복합산업,ETF,ETF,
315270,TIGER 200커뮤니케이션서비스,ETF,ETF,
315930,KODEX Top5PlusTR,ETF,ETF,
315960,RISE 대형고배당10TR,ETF,ETF,
316300,ACE 싱가포르리츠,ETF,ETF,
316670,KIWOOM 코스닥150,ETF,ETF,
319640,TIGER 골드선물(H),ETF,ETF,
321410,KODEX 멀티에셋하이인컴(H),ETF,ETF,
322400,HANARO e커머스,ETF,ETF,
322410,HANARO K고배당,ETF,ETF,
325010,KODEX 성장주,ETF,ETF,
325020,KODEX 배당가치,ETF,ETF,
326230,RISE 내수주플러스,ETF,ETF,
326240,RISE IT플러스,ETF,ETF,
328370,PLUS 코스피TR,ETF,ETF,
329200,TIGER 리츠부동산인프라,ETF,ETF,
329650,KODEX TRF3070,ETF,ETF,
329660,KODEX TRF5050,ETF,ETF,
329670,KODEX TRF7030,ETF,ETF,
329750,TIGER 미국달러단기채권액티브,ETF,ETF,
332500,ACE 200TR,ETF,ETF,
332610,PLUS 미국단기회사채(AAA~A),ETF,ETF,
332620,PLUS 미국장기우량회사채,ETF,ETF,
332930,HANARO 200TR,ETF,ETF,
332940,HANARO MSCI Korea TR,ETF,ETF,
334690,RISE 팔라듐선물(H),ETF,ETF,
334700,RISE 팔라듐선물인버스(H),ETF,ETF,
336160,RISE 금융채액티브,ETF,ETF,
337120,KODEX 멀티팩터,ETF,ETF,
337140,KODEX 코스피대형주,ETF,ETF,
337150,KODEX 200exTOP,ETF,ETF,
337160,KODEX 200ESG,ETF,ETF,
341850,TIGER 리츠부동산인프라채권,ETF,ETF,
352540,KODEX 일본부동산리츠(H),ETF,ETF,
352560,KODEX 미국부동산리츠(H),ETF,ETF,
354240,RISE 미국고정배당우선증권,ETF,ETF,
354350,HANARO 글로벌럭셔리S&P(합성),ETF,ETF,
354500,ACE 코스닥150,ETF,ETF,
356540,ACE 종합채권(AA-이상)액티브,ETF,ETF,
357870,TIGER CD금리투자KIS(합성),ETF,ETF,
359210,KODEX 코스피TR,ETF,ETF,
360140,KODEX 200롱코스닥150숏선물,ETF,ETF,
360150,KODEX 코스닥150롱코스피200숏선물,ETF,ETF,
360200,ACE 미국S&P500,ETF,ETF,
360750,TIGER 미국S&P500,ETF,ETF,
361580,RISE 200TR,ETF,ETF,
363510,SOL KIS단기통안채,ETF,ETF,
363570,KODEX 장기종합채권(AA-이상)액티브,ETF,ETF,
363580,KODEX 200IT TR,ETF,ETF,
364690,KODEX 혁신기술테마액티브,ETF,ETF,
364960,TIGER BBIG,ETF,ETF,
364970,TIGER 바이오TOP10,ETF,ETF,
364980,TIGER 2차전지TOP10,ETF,ETF,
364990,TIGER 게임TOP10,ETF,ETF,
365000,TIGER 인터넷TOP10,ETF,ETF,
365040,TIGER AI코리아그로스액티브,ETF,ETF,
365780,ACE 국고채10년,ETF,ETF,
367380,ACE 미국나스닥100,ETF,ETF,
367740,HANARO Fn5G산업,ETF,ETF,
367760,RISE 네트워크인프라,ETF,ETF,
367770,RISE 수소경제테마,ETF,ETF,
368190,HANARO Fn K-뉴딜디지털플러스,ETF,ETF,
368590,RISE 미국나스닥100,ETF,ETF,
368680,KODEX K-뉴딜디지털플러스,ETF,ETF,
371150,RISE 차이나항셍테크,ETF,ETF,
371160,TIGER 차이나항셍테크,ETF,ETF,
371450,TIGER 글로벌클라우드컴퓨팅INDXX,ETF,ETF,
371460,TIGER 차이나전기차SOLACTIVE,ETF,ETF,
371470,TIGER 차이나바이오테크SOLACTIVE,ETF,ETF,
371870,ACE 차이나항셍테크,ETF,ETF,
372330,KODEX 차이나항셍테크,ETF,ETF,
373490,KODEX 코리아혁신성장액티브,ETF,ETF,
373790,KIWOOM 미국방어배당성장나스닥,ETF,ETF,
375270,RISE 글로벌데이터센터리츠(합성),ETF,ETF,
375760,HANARO 탄소효율그린뉴딜,ETF,ETF,
375770,KODEX 탄소효율그린뉴딜,ETF,ETF,
376410,TIGER 탄소효율그린뉴딜,ETF,ETF,
377990,TIGER Fn신재생에너지,ETF,ETF,
379780,RISE 미국S&P500,ETF,ETF,
379790,RISE 유로스탁스50(H),ETF,ETF,
379800,KODEX 미국S&P500,ETF,ETF,
379810,KODEX 미국나스닥100,ETF,ETF,
380340,ACE 코리아AI테크핵심산업,ETF,ETF,
381170,TIGER 미국테크TOP10 INDXX,ETF,ETF,
381180,TIGER 미국필라델피아반도체나스닥,ETF,ETF,
381560,HANARO Fn전기&수소차,ETF,ETF,
381570,HANARO Fn친환경에너지,ETF,ETF,
385510,KODEX 신재생에너지액티브,ETF,ETF,
385520,KODEX 자율주행액티브,ETF,ETF,
385540,RISE 종합채권(A-이상)액티브,ETF,ETF,
385550,RISE 단기채권알파액티브,ETF,ETF,
385560,RISE KIS국고채30년Enhanced,ETF,ETF,
385590,ACE ESG액티브,ETF,ETF,
385600,ACE 2차전지&친환경차액티브,ETF,ETF,
385710,TIME K이노베이션액티브,ETF,ETF,
385720,TIME 코스피액티브,ETF,ETF,
387270,TIGER 글로벌이노베이션액티브,ETF,ETF,
387280,TIGER 퓨처모빌리티액티브,ETF,ETF,
388280,RISE K엔터&여행레저,ETF,ETF,
388420,RISE 비메모리반도체액티브,ETF,ETF,
390390,KODEX 미국반도체,ETF,ETF,
390400,KODEX 미국스마트모빌리티S&P,ETF,ETF,
391600,ACE 미국친환경그린테마,ETF,ETF,
391670,HK 베스트일레븐액티브,ETF,ETF,
394660,TIGER 글로벌자율주행&전기차SOLACTIVE,ETF,ETF,
394670,TIGER 글로벌리튬&2차전지SOLACTIVE(합성),ETF,ETF,
395150,KODEX 웹툰&드라마,ETF,ETF,
395160,KODEX AI반도체TOP2플러스,ETF,ETF,
395170,KODEX Top10동일가중,ETF,ETF,
395270,HANARO Fn K-반도체,ETF,ETF,
395280,HANARO Fn K-게임,ETF,ETF,
395290,HANARO Fn K-POP&미디어,ETF,ETF,
395750,PLUS ESG가치주액티브,ETF,ETF,
395760,PLUS ESG성장주액티브,ETF,ETF,
396500,TIGER 반도체TOP10,ETF,ETF,
396510,TIGER 차이나클린에너지SOLACTIVE,ETF,ETF,
396520,TIGER 차이나반도체FACTSET,ETF,ETF,
399110,SOL 미국S&P500ESG,ETF,ETF,
399580,RISE 글로벌클린에너지,ETF,ETF,
400570,KODEX 유럽탄소배출권선물ICE(H),ETF,ETF,
400580,SOL 유럽탄소배출권선물S&P(H),ETF,ETF,
400590,SOL 글로벌탄소배출권선물ICE(합성),ETF,ETF,
400970,TIGER Fn메타버스,ETF,ETF,
401170,RISE 메타버스,ETF,ETF,
401470,KODEX 메타버스액티브,ETF,ETF,
401590,HANARO 글로벌탄소배출권선물ICE(합성),ETF,ETF,
402460,HANARO Fn K-메타버스MZ,ETF,ETF,
402970,ACE 미국배당다우존스,ETF,ETF,
403790,MIDAS 코스피액티브,ETF,ETF,
404120,TIME K신재생에너지액티브,ETF,ETF,
404260,KODEX 기후변화솔루션,ETF,ETF,
404540,TIGER KRX기후변화솔루션,ETF,ETF,
404650,SOL KRX기후변화솔루션,ETF,ETF,
407300,HANARO Fn골프테마,ETF,ETF,
407310,HANARO 200 TOP10,ETF,ETF,
407820,에셋플러스 코리아플랫폼액티브,ETF,ETF,
407830,에셋플러스 글로벌플랫폼액티브,ETF,ETF,
409810,KODEX 미국나스닥100선물인버스(H),ETF,ETF,
409820,KODEX 미국나스닥100레버리지(합성 H),ETF,ETF,
410870,TIME K컬처액티브,ETF,ETF,
411060,ACE KRX금현물,ETF,ETF,
411420,KODEX 미국나스닥AI테크액티브,ETF,ETF,
411540,SOL 200 Top10,ETF,ETF,
411860,KIWOOM 독일DAX,ETF,ETF,
412560,TIGER BBIG레버리지,ETF,ETF,
412570,TIGER 2차전지TOP10레버리지,ETF,ETF,
412770,TIGER 글로벌AI플랫폼액티브,ETF,ETF,
413220,SOL 차이나태양광CSI(합성),ETF,ETF,
413930,WON AI ESG액티브,ETF,ETF,
414270,ACE 글로벌자율주행액티브,ETF,ETF,
414780,TIGER 차이나과창판STAR50(합성),ETF,ETF,
415340,KODEX 차이나과창판STAR50(합성),ETF,ETF,
415760,SOL 차이나육성산업액티브(합성),ETF,ETF,
415920,PLUS 글로벌희토류&전략자원생산기업,ETF,ETF,
416090,ACE 중국과창판STAR50,ETF,ETF,
417450,RISE 글로벌수소경제,ETF,ETF,
417630,TIGER KEDI혁신기업ESG30,ETF,ETF,
418660,TIGER 미국나스닥100레버리지(합성),ETF,ETF,
418670,TIGER 글로벌AI사이버보안,ETF,ETF,
419420,KODEX 미국클린에너지나스닥,ETF,ETF,
419430,KODEX 차이나2차전지MSCI(합성),ETF,ETF,
419650,PLUS 글로벌수소&차세대연료전지,ETF,ETF,
419890,KIWOOM 단기채권ESG액티브,ETF,ETF,
421320,PLUS 우주항공,ETF,ETF,
422420,RISE 2차전지액티브,ETF,ETF,
423160,KODEX KOFR금리액티브(합성),ETF,ETF,
423170,SOL 글로벌AI반도체탑픽액티브,ETF,ETF,
423920,TIGER 미국필라델피아반도체레버리지(합성),ETF,ETF,
426020,TIME 미국S&P500액티브,ETF,ETF,
426030,TIME 미국나스닥100액티브,ETF,ETF,
426150,WON 대한민국국고채액티브,ETF,ETF,
427120,RISE AI플랫폼,ETF,ETF,
428510,KODEX 차이나AI테크액티브,ETF,ETF,
428560,KODEX 미국ETF산업Top10 Indxx,ETF,ETF,
429000,TIGER 미국S&P500배당귀족,ETF,ETF,
429010,TIGER 미국나스닥넥스트100,ETF,ETF,
429740,PLUS K리츠,ETF,ETF,
429760,PLUS 미국S&P500,ETF,ETF,
429980,SOL 한국형글로벌전기차&2차전지액티브,ETF,ETF,
430500,KIWOOM 물가채KIS,ETF,ETF,
432600,RISE 국채선물3년,ETF,ETF,
432840,HANARO 미국S&P500,ETF,ETF,
433220,에셋플러스 글로벌대장장이액티브,ETF,ETF,
433250,UNICORN R&D 액티브,ETF,ETF,
433330,SOL 미국S&P500,ETF,ETF,
433500,ACE 원자력TOP10,ETF,ETF,
433880,PLUS TDF2060액티브 적격,ETF,ETF,
433970,KODEX TDF2030액티브 적격,ETF,ETF,
433980,KODEX TDF2040액티브 적격,ETF,ETF,
434060,KODEX TDF2050액티브 적격,ETF,ETF,
434730,HANARO 원자력iSelect,ETF,ETF,
434960,DAISHIN K200,ETF,ETF,
435040,ACE 글로벌브랜드TOP10,ETF,ETF,
435420,TIGER 미국나스닥100채권혼합50,ETF,ETF,
435530,KIWOOM TDF2030액티브 적격,ETF,ETF,
435540,KIWOOM TDF2040액티브 적격,ETF,ETF,
435550,KIWOOM TDF2050액티브 적격,ETF,ETF,
436140,SOL 종합채권(AA-이상)액티브,ETF,ETF,
437070,KODEX 아시아달러채권ESG플러스액티브,ETF,ETF,
437080,KODEX 미국종합채권ESG액티브(H),ETF,ETF,
437350,RISE 미국단기투자등급회사채액티브,ETF,ETF,
437370,RISE 글로벌농업경제,ETF,ETF,
438080,ACE 미국S&P500미국채혼합50액티브,ETF,ETF,
438100,ACE 미국나스닥100미국채혼합50액티브,ETF,ETF,
438320,TIGER 차이나항셍테크레버리지(합성 H),ETF,ETF,
438330,TIGER 우량회사채액티브,ETF,ETF,
438560,SOL 국고채3년,ETF,ETF,
438570,SOL 국고채10년,ETF,ETF,
438740,MIDAS 중소형액티브,ETF,ETF,
438900,HANARO Fn K-푸드,ETF,ETF,
439860,KODEX ESG종합채권(A-이상)액티브,ETF,ETF,
439870,KODEX 국고채30년액티브,ETF,ETF,
440340,TIGER 글로벌멀티에셋TIF액티브,ETF,ETF,
440640,ACE 단기채권알파액티브,ETF,ETF,
440650,ACE 미국달러단기채권액티브,ETF,ETF,
440910,WON 미국우주항공방산,ETF,ETF,
441540,HANARO Fn조선해운,ETF,ETF,
441640,KODEX 미국배당커버드콜액티브,ETF,ETF,
441680,TIGER 미국나스닥100커버드콜(합성),ETF,ETF,
441800,TIME Korea플러스배당액티브,ETF,ETF,
442090,에셋플러스 코리아대장장이액티브,ETF,ETF,
442260,마이티 다이나믹퀀트액티브,ETF,ETF,
442320,RISE 글로벌원자력,ETF,ETF,
442550,RISE TDF2030액티브 적격,ETF,ETF,
442560,RISE TDF2040액티브 적격,ETF,ETF,
442570,RISE TDF2050액티브 적격,ETF,ETF,
442580,PLUS 글로벌HBM반도체,ETF,ETF,
444200,SOL 코리아메가테크액티브,ETF,ETF,
444490,WON 미국S&P500,ETF,ETF,
445150,KODEX 친환경조선해운액티브,ETF,ETF,
445290,KODEX 로봇액티브,ETF,ETF,
445690,BNK 주주가치액티브,ETF,ETF,
445910,TIGER MKF배당귀족,ETF,ETF,
446690,KODEX 아시아AI반도체exChina액티브,ETF,ETF,
446700,RISE 배터리 리사이클링,ETF,ETF,
446720,SOL 미국배당다우존스,ETF,ETF,
446770,ACE 글로벌반도체TOP4 Plus,ETF,ETF,
447430,ACE 주주환원가치주액티브,ETF,ETF,
447620,SOL 미국TOP5채권혼합50,ETF,ETF,
447660,PLUS 애플채권혼합,ETF,ETF,
447770,TIGER 테슬라채권혼합Fn,ETF,ETF,
448100,WON 200,ETF,ETF,
448290,TIGER 미국S&P500(H),ETF,ETF,
448300,TIGER 미국나스닥100(H),ETF,ETF,
448330,KODEX 삼성전자채권혼합,ETF,ETF,
448490,HANARO 32-10 국고채액티브,ETF,ETF,
448540,ACE 엔비디아채권혼합,ETF,ETF,
448570,FOCUS AI코리아액티브,ETF,ETF,
448630,RISE 삼성그룹Top3채권혼합,ETF,ETF,
449170,TIGER KOFR금리액티브(합성),ETF,ETF,
449180,KODEX 미국S&P500(H),ETF,ETF,
449190,KODEX 미국나스닥100(H),ETF,ETF,
449450,PLUS K방산,ETF,ETF,
449580,RISE 테슬라애플아마존채권혼합,ETF,ETF,
449680,TIGER 한중전기차(합성),ETF,ETF,
449690,TIGER 한중반도체(합성),ETF,ETF,
449770,KIWOOM 미국S&P500,ETF,ETF,
449780,KIWOOM 미국S&P500(H),ETF,ETF,
450180,KODEX 한중전기차(합성),ETF,ETF,
450190,KODEX 한중반도체(합성),ETF,ETF,
450910,SOL 코스닥150,ETF,ETF,
451000,PLUS 종합채권(AA-이상)액티브,ETF,ETF,
451060,1Q 200액티브,ETF,ETF,
451150,에셋플러스 글로벌영에이지액티브,ETF,ETF,
451530,TIGER 국고채30년스트립액티브,ETF,ETF,
451540,TIGER 종합채권(AA-이상)액티브,ETF,ETF,
451600,PLUS 국고채30년액티브,ETF,ETF,
451670,RISE 국채30년레버리지(합성),ETF,ETF,
452250,ACE 미국30년국채선물레버리지(합성 H),ETF,ETF,
452360,SOL 미국배당다우존스(H),ETF,ETF,
453010,PLUS KOFR금리,ETF,ETF,
453060,HANARO KOFR금리액티브(합성),ETF,ETF,
453080,KIWOOM 미국나스닥100(H),ETF,ETF,
453330,RISE 미국S&P500(H),ETF,ETF,
453630,KODEX 미국S&P500필수소비재,ETF,ETF,
453640,KODEX 미국S&P500헬스케어,ETF,ETF,
453650,KODEX 미국S&P500금융,ETF,ETF,
453660,KODEX 미국S&P500경기소비재,ETF,ETF,
453810,KODEX 인도Nifty50,ETF,ETF,
453820,KODEX 인도Nifty50레버리지(합성),ETF,ETF,
453850,ACE 미국30년국채액티브(H),ETF,ETF,
453870,TIGER 인도니프티50,ETF,ETF,
453950,TIGER TSMC파운드리밸류체인,ETF,ETF,
454180,KIWOOM 차이나내수소비TOP CSI,ETF,ETF,
454320,HANARO CAPEX설비투자iSelect,ETF,ETF,
454780,KIWOOM 종합채권(AA-이상)액티브,ETF,ETF,
455030,KODEX 미국달러SOFR금리액티브(합성),ETF,ETF,
455660,ACE 미국하이일드액티브(H),ETF,ETF,
455850,SOL AI반도체소부장,ETF,ETF,
455860,SOL 2차전지소부장Fn,ETF,ETF,
455890,RISE 머니마켓액티브,ETF,ETF,
455960,RISE 미국달러SOFR금리액티브(합성),ETF,ETF,
456200,PLUS 미국달러SOFR금리액티브(합성),ETF,ETF,
456250,KODEX 유럽명품TOP10 STOXX,ETF,ETF,
456600,TIME 글로벌AI인공지능액티브,ETF,ETF,
456610,TIGER 미국달러SOFR금리액티브(합성),ETF,ETF,
456680,TIGER 차이나전기차레버리지(합성),ETF,ETF,
456880,ACE 미국달러SOFR금리(합성),ETF,ETF,
457480,ACE 테슬라밸류체인액티브,ETF,ETF,
457690,KODEX 33-06 국고채액티브,ETF,ETF,
457700,KODEX 53-09 국고채액티브,ETF,ETF,
457930,BNK 미래전략기술액티브,ETF,ETF,
457990,PLUS 태양광&ESS,ETF,ETF,
458030,WON 국공채머니마켓액티브,ETF,ETF,
458210,KIWOOM CD금리액티브(합성),ETF,ETF,
458250,TIGER 미국30년국채스트립액티브(합성 H),ETF,ETF,
458260,TIGER 미국투자등급회사채액티브(H),ETF,ETF,
458730,TIGER 미국배당다우존스,ETF,ETF,
458750,TIGER 미국배당다우존스타겟커버드콜1호,ETF,ETF,
458760,TIGER 미국배당다우존스타겟커버드콜2호,ETF,ETF,
459560,KODEX 테슬라밸류체인FactSet,ETF,ETF,
459580,KODEX CD금리액티브(합성),ETF,ETF,
459750,RISE 글로벌주식분산액티브,ETF,ETF,
459790,KIWOOM 미국성장기업30액티브,ETF,ETF,
460270,KIWOOM 미국달러SOFR금리액티브(합성),ETF,ETF,
460660,RISE 미국S&P배당킹,ETF,ETF,
460960,ACE 글로벌인컴TOP10,ETF,ETF,
461340,HANARO 글로벌생성형AI액티브,ETF,ETF,
461450,KODEX 코스닥글로벌,ETF,ETF,
461460,PLUS 국고채10년액티브,ETF,ETF,
461490,RISE 글로벌자산배분액티브,ETF,ETF,
461500,HANARO 종합채권(AA-이상)액티브,ETF,ETF,
461580,TIGER 코스닥글로벌,ETF,ETF,
461600,SOL 미국30년국채액티브(H),ETF,ETF,
461900,PLUS 미국테크TOP10,ETF,ETF,
461910,PLUS 미국테크TOP10레버리지(합성),ETF,ETF,
461950,KODEX 2차전지핵심소재10,ETF,ETF,
462010,TIGER 2차전지소재Fn,ETF,ETF,
462330,KODEX 2차전지산업레버리지,ETF,ETF,
462340,에셋플러스 글로벌다이나믹시니어액티브,ETF,ETF,
462900,KoAct 바이오헬스케어액티브,ETF,ETF,
463050,TIME K바이오액티브,ETF,ETF,
463250,TIGER K방산&우주,ETF,ETF,
463290,1Q 단기금융채액티브,ETF,ETF,
463300,RISE 중국본토CSI300,ETF,ETF,
463640,KODEX 미국S&P500유틸리티,ETF,ETF,
463680,KODEX 미국S&P500테크놀로지,ETF,ETF,
463690,KODEX 미국S&P500커뮤니케이션,ETF,ETF,
464240,KIWOOM 26-09회사채(AA-이상)액티브,ETF,ETF,
464310,TIGER 글로벌AI&로보틱스 INDXX,ETF,ETF,
464470,PLUS 미국채30년액티브,ETF,ETF,
464600,SOL 자동차소부장Fn,ETF,ETF,
464610,SOL 의료기기소부장Fn,ETF,ETF,
464920,PLUS 일본반도체소부장,ETF,ETF,
464930,TIGER 글로벌혁신블루칩TOP10,ETF,ETF,
465330,RISE 2차전지TOP10,ETF,ETF,
465350,RISE 2차전지TOP10인버스(합성),ETF,ETF,
465580,ACE 미국빅테크TOP7 Plus,ETF,ETF,
465610,ACE 미국빅테크TOP7 Plus레버리지(합성),ETF,ETF,
465620,ACE 미국빅테크TOP7 Plus인버스(합성),ETF,ETF,
465660,TIGER 일본반도체FACTSET,ETF,ETF,
465670,TIGER 미국캐시카우100,ETF,ETF,
466810,BNK 2차전지양극재,ETF,ETF,
466920,SOL 조선TOP3플러스,ETF,ETF,
466930,SOL 자동차TOP3플러스,ETF,ETF,
466940,TIGER 은행고배당플러스TOP10,ETF,ETF,
466950,TIGER 글로벌AI액티브,ETF,ETF,
468370,KODEX iShares미국인플레이션국채액티브,ETF,ETF,
468380,KODEX iShares미국하이일드액티브,ETF,ETF,
468630,KODEX iShares미국투자등급회사채액티브,ETF,ETF,
469050,RISE 미국반도체NYSE(H),ETF,ETF,
469060,RISE 미국반도체NYSE,ETF,ETF,
469070,RISE AI&로봇,ETF,ETF,
469150,ACE AI반도체TOP3+,ETF,ETF,
469160,ACE 일본반도체,ETF,ETF,
469170,ACE 포스코그룹포커스,ETF,ETF,
469530,RISE 미국달러선물인버스,ETF,ETF,
469790,KIWOOM 코리아테크TOP10,ETF,ETF,
469830,SOL 초단기채권액티브,ETF,ETF,
470310,UNICORN 생성형AI강소기업액티브,ETF,ETF,
471040,KoAct 글로벌AI&로봇액티브,ETF,ETF,
471230,KODEX 국고채10년액티브,ETF,ETF,
471460,KIWOOM 국고채30년액티브,ETF,ETF,
471760,TIGER AI반도체핵심공정,ETF,ETF,
471780,TIGER 코리아테크액티브,ETF,ETF,
471990,KODEX AI반도체핵심장비,ETF,ETF,
472150,TIGER 배당커버드콜액티브,ETF,ETF,
472160,TIGER 미국테크TOP10 INDXX(H),ETF,ETF,
472170,TIGER 미국테크TOP10채권혼합,ETF,ETF,
472720,TRUSTON 주주가치액티브,ETF,ETF,
472830,RISE 미국30년국채커버드콜(합성),ETF,ETF,
472840,IBK 200,ETF,ETF,
472870,RISE 미국30년국채엔화노출(합성 H),ETF,ETF,
472920,HK 종합채권(AA-이상)액티브,ETF,ETF,
473290,KODEX 26-12 회사채(AA-이상)액티브,ETF,ETF,
473330,SOL 미국30년국채커버드콜(합성),ETF,ETF,
473440,ACE 11월만기자동연장회사채AA-이상액티브,ETF,ETF,
473460,KODEX 미국서학개미,ETF,ETF,
473490,KIWOOM 글로벌AI반도체,ETF,ETF,
473590,ACE 미국주식베스트셀러,ETF,ETF,
473640,HANARO 글로벌금채굴기업,ETF,ETF,
474220,TIGER 미국테크TOP10타겟커버드콜,ETF,ETF,
474390,SOL 국고채30년액티브,ETF,ETF,
474590,WON 반도체밸류체인액티브,ETF,ETF,
474800,KIWOOM 미국원유에너지기업,ETF,ETF,
474920,에셋플러스 차이나일등기업포커스10액티브,ETF,ETF,
475050,ACE KPOP포커스,ETF,ETF,
475070,KoAct 글로벌친환경전력인프라액티브,ETF,ETF,
475080,KODEX 테슬라커버드콜채권혼합액티브,ETF,ETF,
475260,ACE 2월만기자동연장회사채AA-이상액티브,ETF,ETF,
475270,ACE 5월만기자동연장회사채AA-이상액티브,ETF,ETF,
475280,ACE 8월만기자동연장회사채AA-이상액티브,ETF,ETF,
475300,SOL 반도체전공정,ETF,ETF,
475310,SOL 반도체후공정,ETF,ETF,
475350,RISE 버크셔포트폴리오TOP10,ETF,ETF,
475380,RISE 글로벌리얼티인컴,ETF,ETF,
475630,TIGER CD1년금리액티브(합성),ETF,ETF,
475720,RISE 200위클리커버드콜,ETF,ETF,
476000,UNICORN 포스트IPO액티브,ETF,ETF,
476030,SOL 미국나스닥100,ETF,ETF,
476070,KODEX 글로벌비만치료제TOP2 Plus,ETF,ETF,
476260,HANARO 반도체핵심공정주도주,ETF,ETF,
476310,RISE 글로벌비만산업TOP2+,ETF,ETF,
476450,KIWOOM 머니마켓액티브,ETF,ETF,
476550,TIGER 미국30년국채커버드콜액티브(H),ETF,ETF,
476690,TIGER 글로벌비만치료제TOP2Plus,ETF,ETF,
476750,ACE 미국30년국채엔화노출액티브(H),ETF,ETF,
476760,ACE 미국30년국채액티브,ETF,ETF,
476800,KODEX 한국부동산리츠인프라,ETF,ETF,
476850,KoAct 배당성장액티브,ETF,ETF,
477050,PLUS 머니마켓액티브,ETF,ETF,
477080,RISE CD금리액티브(합성),ETF,ETF,
477490,에셋플러스 글로벌일등기업포커스10액티브,ETF,ETF,
477730,KODEX 인도타타그룹,ETF,ETF,
478150,TIME 글로벌우주테크&방산액티브,ETF,ETF,
479080,1Q 머니마켓액티브,ETF,ETF,
479520,RISE KOFR금리액티브(합성),ETF,ETF,
479620,SOL 미국AI반도체칩메이커,ETF,ETF,
479730,TIGER 인도빌리언컨슈머,ETF,ETF,
479850,HANARO K-뷰티,ETF,ETF,
480020,ACE 미국빅테크7+데일리타겟커버드콜(합성),ETF,ETF,
480030,ACE 미국500데일리타겟커버드콜(합성),ETF,ETF,
480040,ACE 미국반도체데일리타겟커버드콜(합성),ETF,ETF,
480260,TIGER 27-04회사채(A+이상)액티브,ETF,ETF,
480310,TIGER 글로벌온디바이스AI,ETF,ETF,
480460,WON 한국부동산TOP3플러스,ETF,ETF,
481050,KODEX CD1년금리플러스액티브(합성),ETF,ETF,
481060,KODEX 미국30년국채타겟커버드콜(합성 H),ETF,ETF,
481180,SOL 미국AI소프트웨어,ETF,ETF,
481190,SOL 미국테크TOP10,ETF,ETF,
481340,RISE 미국30년국채액티브,ETF,ETF,
481430,RISE 국고채10년액티브,ETF,ETF,
482030,KoAct 반도체&2차전지핵심소재액티브,ETF,ETF,
482730,TIGER 미국S&P500타겟데일리커버드콜,ETF,ETF,
483020,KIWOOM 의료AI,ETF,ETF,
483030,KIWOOM 미국블록버스터바이오테크의약품+,ETF,ETF,
483280,KODEX 미국AI테크TOP10타겟커버드콜,ETF,ETF,
483290,KODEX 미국배당다우존스타겟커버드콜,ETF,ETF,
483320,ACE 엔비디아밸류체인액티브,ETF,ETF,
483330,ACE 마이크로소프트밸류체인액티브,ETF,ETF,
483340,ACE 구글밸류체인액티브,ETF,ETF,
483570,KCGI 미국S&P500 TOP10,ETF,ETF,
484790,KODEX 미국30년국채액티브(H),ETF,ETF,
484880,SOL 금융지주플러스고배당,ETF,ETF,
484890,SOL 머니마켓액티브,ETF,ETF,
485540,KODEX 미국AI테크TOP10,ETF,ETF,
485690,RISE 미국AI밸류체인TOP3Plus,ETF,ETF,
485810,TIME 글로벌바이오액티브,ETF,ETF,
486240,DAISHIN AI반도체&인프라액티브,ETF,ETF,
486290,TIGER 미국나스닥100타겟데일리커버드콜,ETF,ETF,
486450,SOL 미국AI전력인프라,ETF,ETF,
486830,HANARO 머니마켓액티브,ETF,ETF,
487130,KoAct AI인프라액티브,ETF,ETF,
487230,KODEX 미국AI전력핵심인프라,ETF,ETF,
487240,KODEX AI전력핵심설비,ETF,ETF,
487340,ACE 머니마켓액티브,ETF,ETF,
487750,BNK 온디바이스AI,ETF,ETF,
487910,ACE 인도컨슈머파워액티브,ETF,ETF,
487920,ACE 인도시장대표BIG5그룹액티브,ETF,ETF,
487950,KODEX 대만테크고배당다우존스,ETF,ETF,
488080,TIGER 반도체TOP10레버리지,ETF,ETF,
488200,KIWOOM K-2차전지북미공급망,ETF,ETF,
488210,KIWOOM K-반도체북미공급망,ETF,ETF,
488290,MIDAS 일본테크액티브,ETF,ETF,
488480,RISE 일본섹터TOP4Plus,ETF,ETF,
488500,TIGER 미국S&P500동일가중,ETF,ETF,
488720,WON 종합채권(AA-이상)액티브,ETF,ETF,
488770,KODEX 머니마켓액티브,ETF,ETF,
488980,SOL 26-12 회사채(AA-이상)액티브,ETF,ETF,
489000,PLUS 일본엔화초단기국채(합성),ETF,ETF,
489030,PLUS 고배당주위클리커버드콜,ETF,ETF,
489250,KODEX 미국배당다우존스,ETF,ETF,
489290,WON 미국빌리어네어,ETF,ETF,
489860,KIWOOM 글로벌전력GRID인프라,ETF,ETF,
490090,TIGER 미국AI빅테크10,ETF,ETF,
490330,KoAct 미국치매&뇌질환치료제액티브,ETF,ETF,
490480,SOL K방산,ETF,ETF,
490490,SOL 미국배당미국채혼합50,ETF,ETF,
490590,RISE 미국AI밸류체인데일리고정커버드콜,ETF,ETF,
490600,RISE 미국배당100데일리고정커버드콜,ETF,ETF,
491010,TIGER 글로벌AI전력인프라액티브,ETF,ETF,
491090,KODEX 미국테크TOP3플러스,ETF,ETF,
491220,PLUS 200TR,ETF,ETF,
491230,PLUS 국공채머니마켓액티브,ETF,ETF,
491510,파워 K-주주가치액티브,ETF,ETF,
491610,1Q CD금리액티브(합성),ETF,ETF,
491620,RISE 미국테크100데일리고정커버드콜,ETF,ETF,
491630,RISE 미국반도체인버스(합성 H),ETF,ETF,
491700,HK 200,ETF,ETF,
491820,HANARO 전력설비투자,ETF,ETF,
491830,TIGER 미국AI반도체팹리스,ETF,ETF,
492500,1Q 현대차그룹채권(A+이상)&국고통안,ETF,ETF,
493420,SOL 미국배당다우존스2호,ETF,ETF,
493810,TIGER 미국AI빅테크10타겟데일리커버드콜,ETF,ETF,
494180,TIME 글로벌소비트렌드액티브,ETF,ETF,
494210,SOL 미국500타겟데일리커버드콜액티브,ETF,ETF,
494220,UNICORN SK하이닉스밸류체인액티브,ETF,ETF,
494300,KODEX 미국나스닥100데일리커버드콜OTM,ETF,ETF,
494310,KODEX 반도체레버리지,ETF,ETF,
494330,ACE 라이프자산주주가치액티브,ETF,ETF,
494340,ACE 글로벌AI맞춤형반도체,ETF,ETF,
494410,PLUS 미국S&P500성장주,ETF,ETF,
494420,PLUS 미국배당증가성장주데일리커버드콜,ETF,ETF,
494670,TIGER 조선TOP10,ETF,ETF,
494840,TIGER 미국방산TOP10,ETF,ETF,
494890,KODEX 200액티브,ETF,ETF,
495040,PLUS 코리아밸류업,ETF,ETF,
495050,RISE 코리아밸류업,ETF,ETF,
495060,TIME 코리아밸류업액티브,ETF,ETF,
495230,KoAct 코리아밸류업액티브,ETF,ETF,
495330,1Q 코리아밸류업,ETF,ETF,
495550,SOL 코리아밸류업TR,ETF,ETF,
495750,HANARO 코리아밸류업,ETF,ETF,
495850,KODEX 코리아밸류업,ETF,ETF,
495940,RISE 미국AI테크액티브,ETF,ETF,
496020,WON 전단채플러스액티브,ETF,ETF,
496080,TIGER 코리아밸류업,ETF,ETF,
496090,KIWOOM 코리아밸류업,ETF,ETF,
496120,ACE 코리아밸류업,ETF,ETF,
496130,TRUSTON 코리아밸류업액티브,ETF,ETF,
496770,PLUS 글로벌방산,ETF,ETF,
497510,ACE 글로벌빅파마,ETF,ETF,
497520,ACE 일라이릴리밸류체인,ETF,ETF,
497570,TIGER 미국필라델피아AI반도체나스닥,ETF,ETF,
497780,KoAct 미국천연가스인프라액티브,ETF,ETF,
497880,SOL CD금리&머니마켓액티브,ETF,ETF,
498050,HANARO 바이오코리아액티브,ETF,ETF,
498180,파워 종합채권(AA-이상)액티브,ETF,ETF,
498270,KIWOOM 미국양자컴퓨팅,ETF,ETF,
498400,KODEX 200타겟위클리커버드콜,ETF,ETF,
498410,KODEX 금융고배당TOP10타겟위클리커버드콜,ETF,ETF,
498610,RISE 인도디지털성장,ETF,ETF,
498860,RISE 코리아금융고배당,ETF,ETF,
499150,SOL 미국S&P500엔화노출(H),ETF,ETF,
499660,TIGER CD금리플러스액티브(합성),ETF,ETF,
