date,rank,code,name,market,end_type,close,change_pct,value_mil,volume,kind,underlying,basis,disparity,overheated,last_date,weight,next_weight,status,note,base_weight,to_full_pct,full_line,none_line,to_none_pct,scanned_at
2026-10-02,1,069500,KODEX 200,KOSPI,etf,112060.0,0.48,2744610.0,24580661.0,index,KOSPI,코스피 지수,103.6,False,2026-10-02,0.5,0.5,ok,,,,,,,2026-10-05T16:24:01+00:00
2026-10-02,2,122630,KODEX 레버리지,KOSPI,etf,114395.0,1.01,1572375.0,13843165.0,leverage,KOSPI,코스피 지수,103.6,False,2026-10-02,0.0,0.0,ok,100%일 때만 보유,,,,,,2026-10-05T16:24:01+00:00
2026-10-02,3,102110,TIGER 200,KOSPI,etf,112235.0,0.38,1435555.0,12827477.0,index,KOSPI,코스피 지수,103.6,False,2026-10-02,0.5,0.5,ok,,,,,,,2026-10-05T16:24:01+00:00
2026-10-02,4,133690,TIGER 미국나스닥100,KOSPI,etf,183055.0,-1.4,1021197.0,5544322.0,own,,자체 가격,99.9,False,2026-10-02,0.5,0.5,ok,,0.5,1.8,186312.5,178308.33,-2.6,2026-10-05T16:24:01+00:00
2026-10-02,5,360750,TIGER 미국S&P500,KOSPI,etf,25780.0,-0.71,924967.0,35697646.0,own,,자체 가격,96.7,False,2026-10-02,0.0,0.0,ok,,0.0,3.9,26785.0,26131.67,1.4,2026-10-05T16:24:01+00:00
2026-10-02,6,379810,KODEX 미국나스닥100,KOSPI,etf,27385.0,-1.33,805612.0,29229363.0,own,,자체 가격,99.9,False,2026-10-02,0.5,0.5,ok,,0.5,1.7,27860.0,26686.11,-2.6,2026-10-05T16:24:01+00:00
2026-10-02,7,379800,KODEX 미국S&P500,KOSPI,etf,23430.0,-0.76,762513.0,32374097.0,own,,자체 가격,96.6,False,2026-10-02,0.0,0.0,ok,,0.0,3.9,24342.5,23805.56,1.6,2026-10-05T16:24:01+00:00
2026-10-02,8,233740,KODEX 코스닥150레버리지,KOSPI,etf,8035.0,-1.41,539481.0,66237148.0,leverage,KOSDAQ,코스닥 지수,110.4,False,2026-10-02,0.0,0.0,ok,100%일 때만 보유,,,,,,2026-10-05T16:24:01+00:00
2026-10-02,9,114800,KODEX 인버스,KOSPI,etf,975.0,-0.61,495085.0,505027412.0,inverse,KOSPI,코스피 지수,103.6,False,2026-10-02,,,ref,기초지수 50%,,,,,,2026-10-05T16:24:01+00:00
2026-10-02,10,494310,KODEX 반도체레버리지,KOSPI,etf,104040.0,-1.57,466110.0,4400787.0,leverage,,자체 가격,128.6,True,2026-10-02,0.0,0.0,ok,100%일 때만 보유,0.5,0.7,104747.5,97452.78,-6.3,2026-10-05T16:24:01+00:00
2026-10-02,11,229200,KODEX 코스닥150,KOSPI,etf,15180.0,-0.88,408014.0,26666610.0,index,KOSDAQ,코스닥 지수,110.4,False,2026-10-02,0.0,0.5,ok,,,,,,,2026-10-05T16:24:01+00:00
2026-10-02,12,091160,KODEX 반도체,KOSPI,etf,148780.0,-0.61,318908.0,2124162.0,own,,자체 가격,117.4,False,2026-10-02,0.5,1.0,ok,,0.5,-5.6,140415.0,125221.11,-15.8,2026-10-05T16:24:01+00:00
2026-10-02,13,252670,KODEX 200선물인버스2X,KOSPI,etf,69.0,0.0,288024.0,4145527462.0,inverse,KOSPI,코스피 지수,103.6,False,2026-10-02,,,ref,기초지수 50%,,,,,,2026-10-05T16:24:01+00:00
2026-10-02,14,396500,TIGER 반도체TOP10,KOSPI,etf,39900.0,-0.13,265054.0,6630859.0,own,,자체 가격,111.7,False,2026-10-02,0.5,1.0,ok,,0.5,-0.3,39773.75,38217.78,-4.2,2026-10-05T16:24:01+00:00
2026-10-02,15,455850,SOL AI반도체소부장,KOSPI,etf,30500.0,-1.34,223788.0,7242185.0,own,,자체 가격,127.3,True,2026-10-02,0.5,1.0,ok,,1.0,-13.5,26390.0,25938.75,-15.0,2026-10-05T16:24:01+00:00
2026-10-02,16,232080,TIGER 코스닥150,KOSPI,etf,15480.0,-0.67,194980.0,12519330.0,index,KOSDAQ,코스닥 지수,110.4,False,2026-10-02,0.0,0.5,ok,,,,,,,2026-10-05T16:24:01+00:00
2026-10-02,17,488080,TIGER 반도체TOP10레버리지,KOSPI,etf,40520.0,-0.59,189988.0,4669713.0,leverage,,자체 가격,115.1,False,2026-10-02,0.0,0.0,ok,100%일 때만 보유,0.0,24.5,50461.11,46286.25,14.2,2026-10-05T16:24:01+00:00
2026-10-02,18,0167A0,SOL AI반도체TOP2플러스,KOSPI,etf,19385.0,-0.59,188233.0,9685275.0,own,,자체 가격,,,,,,short,,,,,,,2026-10-05T16:24:01+00:00
2026-10-02,19,0193T0,KODEX SK하이닉스단일종목레버리지,KOSPI,etf,11555.0,1.14,139328.0,12064191.0,leverage,,자체 가격,,,,,,short,,,,,,,2026-10-05T16:24:01+00:00
2026-10-02,20,395160,KODEX AI반도체TOP2플러스,KOSPI,etf,43220.0,0.5,125842.0,2922121.0,own,,자체 가격,109.4,False,2026-10-02,0.5,0.5,ok,,0.5,2.4,44241.25,38058.33,-11.9,2026-10-05T16:24:01+00:00
2026-10-02,21,475300,SOL 반도체전공정,KOSPI,etf,27080.0,-3.8,108656.0,3955385.0,own,,자체 가격,125.3,True,2026-10-02,0.5,1.0,ok,,1.0,-13.1,23540.0,21117.78,-22.0,2026-10-05T16:24:01+00:00
2026-10-02,22,251340,KODEX 코스닥150선물인버스,KOSPI,etf,2215.0,0.45,107027.0,48485597.0,inverse,KOSDAQ,코스닥 지수,110.4,False,2026-10-02,,,ref,기초지수 0%,,,,,,2026-10-05T16:24:01+00:00
2026-10-02,23,462330,KODEX 2차전지산업레버리지,KOSPI,etf,1071.0,5.73,102027.0,97058401.0,leverage,,자체 가격,110.5,False,2026-10-02,0.0,0.0,ok,100%일 때만 보유,0.0,56.7,1678.11,1035.75,-3.3,2026-10-05T16:24:01+00:00
2026-10-02,24,498400,KODEX 200타겟위클리커버드콜,KOSPI,etf,20855.0,0.53,99774.0,4801579.0,index,KOSPI,코스피 지수,103.6,False,2026-10-02,0.5,0.5,ok,,,,,,,2026-10-05T16:24:01+00:00
2026-10-02,25,471990,KODEX AI반도체핵심장비,KOSPI,etf,30300.0,-0.75,86610.0,2830066.0,own,,자체 가격,129.0,True,2026-10-02,0.5,1.0,ok,,1.0,-14.7,25835.0,25186.25,-16.9,2026-10-05T16:24:01+00:00
2026-10-02,26,487240,KODEX AI전력핵심설비,KOSPI,etf,36900.0,1.35,76131.0,2076587.0,own,,자체 가격,105.0,False,2026-10-02,0.5,0.5,ok,,0.5,2.1,37671.11,36595.0,-0.8,2026-10-05T16:24:01+00:00
2026-10-02,27,0193W0,KODEX 삼성전자단일종목레버리지,KOSPI,etf,13330.0,-0.34,74664.0,5608258.0,leverage,,자체 가격,,,,,,short,,,,,,,2026-10-05T16:24:01+00:00
2026-10-02,28,305720,KODEX 2차전지산업,KOSPI,etf,15080.0,2.83,73680.0,4930642.0,own,,자체 가격,107.5,False,2026-10-02,0.0,0.5,ok,,0.0,12.6,16972.78,14428.75,-4.3,2026-10-05T16:24:01+00:00
2026-10-02,29,381180,TIGER 미국필라델피아반도체나스닥,KOSPI,etf,45260.0,-1.35,71052.0,1557590.0,own,,자체 가격,102.9,False,2026-10-02,0.5,0.5,ok,,0.5,2.2,46253.75,40663.89,-10.2,2026-10-05T16:24:01+00:00
2026-10-02,30,442580,PLUS 글로벌HBM반도체,KOSPI,etf,109600.0,-0.07,70493.0,641142.0,own,,자체 가격,107.7,False,2026-10-02,0.5,0.5,ok,,0.5,3.1,113028.75,91666.67,-16.4,2026-10-05T16:24:01+00:00
