date,rank,code,name,market,end_type,close,change_pct,value_mil,volume,kind,underlying,basis,disparity,overheated,last_date,weight,next_weight,status,base_weight,to_full_pct,full_line,none_line,to_none_pct,note,scanned_at
2026-10-08,1,069500,KODEX 200,KOSPI,etf,105650.0,-2.67,2484536.0,23162524.0,index,KOSPI,코스피 지수,98.5,False,2026-10-08,0.5,0.0,ok,,,,,,,2026-10-09T14:39:53+00:00
2026-10-08,2,360750,TIGER 미국S&P500,KOSPI,etf,25865.0,-0.61,1781977.0,68805493.0,own,,자체 가격,97.4,False,2026-10-08,0.0,0.0,ok,0.0,3.6,26785.0,26131.67,1.0,,2026-10-09T14:39:53+00:00
2026-10-08,3,122630,KODEX 레버리지,KOSPI,etf,101400.0,-5.44,1625177.0,15532590.0,leverage,KOSPI,코스피 지수,98.5,False,2026-10-08,0.0,0.0,ok,,,,,,100%일 때만 보유,2026-10-09T14:39:53+00:00
2026-10-08,4,379800,KODEX 미국S&P500,KOSPI,etf,23505.0,-0.63,1266914.0,53814528.0,own,,자체 가격,97.3,False,2026-10-08,0.0,0.0,ok,0.0,3.6,24342.5,23805.56,1.3,,2026-10-09T14:39:53+00:00
2026-10-08,5,102110,TIGER 200,KOSPI,etf,105915.0,-2.73,1233836.0,11469745.0,index,KOSPI,코스피 지수,98.5,False,2026-10-08,0.5,0.0,ok,,,,,,,2026-10-09T14:39:53+00:00
2026-10-08,6,133690,TIGER 미국나스닥100,KOSPI,etf,184090.0,-0.64,949752.0,5143754.0,own,,자체 가격,100.8,False,2026-10-08,0.5,0.5,ok,0.5,1.2,186312.5,178308.33,-3.1,,2026-10-09T14:39:53+00:00
2026-10-08,7,379810,KODEX 미국나스닥100,KOSPI,etf,27525.0,-0.67,731894.0,26511071.0,own,,자체 가격,100.8,False,2026-10-08,0.5,0.5,ok,0.5,1.2,27860.0,26686.11,-3.0,,2026-10-09T14:39:53+00:00
2026-10-08,8,114800,KODEX 인버스,KOSPI,etf,1035.0,2.68,709040.0,695831481.0,inverse,KOSPI,코스피 지수,98.5,False,2026-10-08,,,ref,,,,,,기초지수 50%,2026-10-09T14:39:53+00:00
2026-10-08,9,233740,KODEX 코스닥150레버리지,KOSPI,etf,8000.0,-2.2,524410.0,65257191.0,leverage,KOSDAQ,코스닥 지수,109.6,False,2026-10-08,0.0,0.0,ok,,,,,,100%일 때만 보유,2026-10-09T14:39:53+00:00
2026-10-08,10,229200,KODEX 코스닥150,KOSPI,etf,15165.0,-1.17,450277.0,29561223.0,index,KOSDAQ,코스닥 지수,109.6,False,2026-10-08,0.0,0.5,ok,,,,,,,2026-10-09T14:39:53+00:00
2026-10-08,11,252670,KODEX 200선물인버스2X,KOSPI,etf,77.0,5.48,413099.0,5514434366.0,inverse,KOSPI,코스피 지수,98.5,False,2026-10-08,,,ref,,,,,,기초지수 50%,2026-10-09T14:39:53+00:00
2026-10-08,12,494310,KODEX 반도체레버리지,KOSPI,etf,100125.0,1.75,330835.0,3268221.0,leverage,,자체 가격,124.4,True,2026-10-08,0.0,0.0,ok,0.5,4.6,104747.5,97452.78,-2.7,100%일 때만 보유,2026-10-09T14:39:53+00:00
2026-10-08,13,396500,TIGER 반도체TOP10,KOSPI,etf,38200.0,-1.74,310170.0,7988454.0,own,,자체 가격,107.1,False,2026-10-08,0.5,0.0,ok,0.5,4.1,39773.75,38217.78,0.0,,2026-10-09T14:39:53+00:00
2026-10-08,14,232080,TIGER 코스닥150,KOSPI,etf,15465.0,-0.99,231838.0,14916182.0,index,KOSDAQ,코스닥 지수,109.6,False,2026-10-08,0.0,0.5,ok,,,,,,,2026-10-09T14:39:53+00:00
2026-10-08,15,0167A0,SOL AI반도체TOP2플러스,KOSPI,etf,18675.0,-1.48,204244.0,10807601.0,own,,자체 가격,,,,,,short,,,,,,,2026-10-09T14:39:53+00:00
2026-10-08,16,498400,KODEX 200타겟위클리커버드콜,KOSPI,etf,19805.0,-2.37,201793.0,10080760.0,index,KOSPI,코스피 지수,98.5,False,2026-10-08,0.5,0.0,ok,,,,,,,2026-10-09T14:39:53+00:00
2026-10-08,17,488080,TIGER 반도체TOP10레버리지,KOSPI,etf,37300.0,-3.38,196561.0,5115240.0,leverage,,자체 가격,107.6,False,2026-10-08,0.0,0.0,ok,0.0,35.3,50461.11,46286.25,24.1,100%일 때만 보유,2026-10-09T14:39:53+00:00
2026-10-08,18,091160,KODEX 반도체,KOSPI,etf,146190.0,1.02,196465.0,1337035.0,own,,자체 가격,115.0,False,2026-10-08,0.5,1.0,ok,0.5,-4.0,140415.0,125221.11,-14.3,,2026-10-09T14:39:53+00:00
2026-10-08,19,455850,SOL AI반도체소부장,KOSPI,etf,31200.0,2.94,178126.0,5722249.0,own,,자체 가격,128.0,True,2026-10-08,0.5,1.0,ok,1.0,-15.4,26390.0,25938.75,-16.9,,2026-10-09T14:39:53+00:00
2026-10-08,20,0193T0,KODEX SK하이닉스단일종목레버리지,KOSPI,etf,9675.0,-4.49,162091.0,16058386.0,leverage,,자체 가격,,,,,,short,,,,,,,2026-10-09T14:39:53+00:00
2026-10-08,21,148020,RISE 200,KOSPI,etf,106515.0,-2.68,158265.0,1461856.0,index,KOSPI,코스피 지수,98.5,False,2026-10-08,0.5,0.0,ok,,,,,,,2026-10-09T14:39:53+00:00
2026-10-08,22,462330,KODEX 2차전지산업레버리지,KOSPI,etf,1179.0,2.52,144782.0,120016863.0,leverage,,자체 가격,120.0,False,2026-10-08,0.0,0.0,ok,0.0,42.3,1678.11,1035.75,-12.2,100%일 때만 보유,2026-10-09T14:39:53+00:00
2026-10-08,23,305720,KODEX 2차전지산업,KOSPI,etf,15905.0,1.18,124656.0,7755311.0,own,,자체 가격,112.3,False,2026-10-08,0.0,0.5,ok,0.0,6.7,16972.78,14428.75,-9.3,,2026-10-09T14:39:53+00:00
2026-10-08,24,487240,KODEX AI전력핵심설비,KOSPI,etf,34025.0,-4.22,121394.0,3540182.0,own,,자체 가격,96.9,False,2026-10-08,0.5,0.0,ok,0.5,10.7,37671.11,36595.0,7.6,,2026-10-09T14:39:53+00:00
2026-10-08,25,395160,KODEX AI반도체TOP2플러스,KOSPI,etf,41000.0,-2.96,120946.0,2901897.0,own,,자체 가격,104.2,False,2026-10-08,0.5,0.5,ok,0.5,7.9,44241.25,38058.33,-7.2,,2026-10-09T14:39:53+00:00
2026-10-08,26,251340,KODEX 코스닥150선물인버스,KOSPI,etf,2210.0,1.14,102385.0,46430144.0,inverse,KOSDAQ,코스닥 지수,109.6,False,2026-10-08,,,ref,,,,,,기초지수 0%,2026-10-09T14:39:53+00:00
2026-10-08,27,472150,TIGER 배당커버드콜액티브,KOSPI,etf,19510.0,-2.21,95800.0,4869267.0,own,,자체 가격,96.3,False,2026-10-08,0.5,0.0,ok,0.5,11.6,21771.25,20502.78,5.1,,2026-10-09T14:39:53+00:00
2026-10-08,28,442580,PLUS 글로벌HBM반도체,KOSPI,etf,103830.0,-0.68,93787.0,887096.0,own,,자체 가격,102.5,False,2026-10-08,0.5,0.5,ok,0.5,8.9,113028.75,91666.67,-11.7,,2026-10-09T14:39:53+00:00
2026-10-08,29,471990,KODEX AI반도체핵심장비,KOSPI,etf,31365.0,2.89,92083.0,2934036.0,own,,자체 가격,131.0,True,2026-10-08,0.5,1.0,ok,1.0,-17.6,25835.0,25186.25,-19.7,,2026-10-09T14:39:53+00:00
2026-10-08,30,0197X0,SOL SK하이닉스선물단일종목인버스2X,KOSPI,etf,6515.0,5.0,89971.0,14480730.0,inverse,,자체 가격,,,,,,short,,,,,,,2026-10-09T14:39:53+00:00
