date,rank,code,name,market,end_type,close,change_pct,value_mil,volume,weight,base_weight,next_weight,disparity,overheated,to_full_pct,full_line,none_line,to_none_pct,last_date,status,theme,scanned_at
2026-10-07,1,000660,SK하이닉스,KOSPI,stock,1715000.0,-3.27,4540928.0,2607954.0,0.5,0.5,0.5,100.0,False,13.4,1954500.0,1579333.33,-8.3,2026-10-07,ok,자율주행차,2026-10-07T14:46:25+00:00
2026-10-07,2,005930,삼성전자,KOSPI,stock,269000.0,-1.1,4470172.0,16389555.0,0.5,0.5,0.5,104.0,False,4.7,281250.0,245188.89,-8.7,2026-10-07,ok,의료기기,2026-10-07T14:46:25+00:00
2026-10-07,3,009150,삼성전기,KOSPI,stock,1607000.0,-4.06,905426.0,552591.0,0.5,0.5,1.0,117.0,False,-1.9,1574250.0,1154555.56,-28.0,2026-10-07,ok,유리 기판,2026-10-07T14:46:25+00:00
2026-10-07,4,036930,주성엔지니어링,KOSDAQ,stock,251500.0,-9.69,635451.0,2421826.0,0.5,1.0,1.0,137.2,True,-25.8,183750.0,135461.11,-45.3,2026-10-07,ok,OLED,2026-10-07T14:46:25+00:00
2026-10-07,5,402340,SK스퀘어,KOSPI,stock,1136000.0,-2.15,632786.0,545346.0,0.5,0.5,0.5,104.4,False,7.5,1227750.0,962944.44,-15.7,2026-10-07,ok,모바일콘텐츠,2026-10-07T14:46:25+00:00
2026-10-07,6,005935,삼성전자우,KOSPI,stock,197300.0,-0.45,534369.0,2684886.0,0.5,0.5,1.0,105.2,False,-0.9,196175.0,168966.67,-14.7,2026-10-07,ok,,2026-10-07T14:46:25+00:00
2026-10-07,7,066570,LG전자,KOSPI,stock,209000.0,-10.11,395411.0,1824551.0,0.5,0.5,1.0,107.3,False,-4.6,198525.0,175377.78,-15.7,2026-10-07,ok,가상현실,2026-10-07T14:46:25+00:00
2026-10-07,8,298040,효성중공업,KOSPI,stock,2619000.0,-6.7,378824.0,142285.0,0.0,0.0,0.0,93.3,False,16.2,3007777.78,2897750.0,12.0,2026-10-07,ok,수소에너지,2026-10-07T14:46:25+00:00
2026-10-07,9,010170,대한광통신,KOSDAQ,stock,17720.0,-4.37,306748.0,16404602.0,0.5,1.0,1.0,135.9,True,-27.0,13092.5,11690.56,-34.8,2026-10-07,ok,5G,2026-10-07T14:46:25+00:00
2026-10-07,10,042510,라온시큐어,KOSDAQ,stock,16350.0,9.95,304831.0,18485888.0,0.5,1.0,1.0,184.5,True,-43.4,9461.11,8755.0,-47.6,2026-10-07,ok,인터넷은행,2026-10-07T14:46:25+00:00
2026-10-07,11,069540,빛과전자,KOSDAQ,stock,5120.0,2.2,258002.0,47620986.0,0.5,1.0,1.0,169.3,True,-44.5,2893.22,2760.75,-47.0,2026-10-07,ok,5G,2026-10-07T14:46:25+00:00
2026-10-07,12,012210,삼미금속,KOSDAQ,stock,13510.0,9.57,244362.0,18061287.0,0.5,1.0,1.0,158.2,True,-15.7,11570.0,8500.0,-38.0,2026-10-07,ok,자동차부품,2026-10-07T14:46:25+00:00
2026-10-07,13,011070,LG이노텍,KOSPI,stock,591000.0,-8.23,199371.0,325129.0,0.0,0.0,0.0,101.6,False,14.3,675250.0,621055.56,5.1,2026-10-07,ok,메타버스,2026-10-07T14:46:25+00:00
2026-10-07,14,006400,삼성SDI,KOSPI,stock,557000.0,-3.13,193599.0,341875.0,0.5,0.5,1.0,114.7,False,-8.6,513666.67,494000.0,-12.1,2026-10-07,ok,2차전지,2026-10-07T14:46:25+00:00
2026-10-07,15,005380,현대차,KOSPI,stock,336500.0,-3.3,191724.0,565481.0,0.0,0.0,0.0,85.6,False,49.0,500555.56,407875.0,21.4,2026-10-07,ok,메타버스,2026-10-07T14:46:25+00:00
2026-10-07,16,034020,두산에너빌리티,KOSPI,stock,79900.0,-1.96,188144.0,2302133.0,0.0,0.0,0.5,102.9,False,15.9,93266.67,79500.0,-1.2,2026-10-07,ok,수자원,2026-10-07T14:46:25+00:00
2026-10-07,17,010120,LS ELECTRIC,KOSPI,stock,205000.0,-5.75,185856.0,865767.0,0.5,0.5,0.5,102.9,False,1.6,208825.0,196555.56,-4.4,2026-10-07,ok,수소에너지,2026-10-07T14:46:25+00:00
2026-10-07,18,043260,성호전자,KOSDAQ,stock,31750.0,-1.85,185164.0,5477695.0,0.5,1.0,1.0,166.3,True,-17.2,27034.44,22005.0,-32.6,2026-10-07,ok,LED,2026-10-07T14:46:25+00:00
2026-10-07,19,080220,제주반도체,KOSDAQ,stock,84100.0,-10.15,176219.0,2033028.0,0.5,0.5,1.0,111.2,False,-3.9,81375.0,67222.22,-20.6,2026-10-07,ok,온디바이스 AI,2026-10-07T14:46:25+00:00
2026-10-07,20,007660,이수페타시스,KOSPI,stock,121300.0,-8.04,171551.0,1372548.0,0.0,0.5,1.0,121.3,True,-5.1,115733.33,104750.0,-14.1,2026-10-07,ok,PCB,2026-10-07T14:46:25+00:00
2026-10-07,21,012450,한화에어로스페이스,KOSPI,stock,979000.0,-4.3,166968.0,168907.0,0.0,0.0,0.0,94.3,False,18.4,1150555.56,1005250.0,3.4,2026-10-07,ok,냉각시스템,2026-10-07T14:46:25+00:00
2026-10-07,22,000500,가온전선,KOSPI,stock,307000.0,-6.12,165682.0,498458.0,0.5,1.0,1.0,142.6,True,-27.2,223175.0,152713.58,-50.2,2026-10-07,ok,전력설비,2026-10-07T14:46:25+00:00
2026-10-07,23,240810,원익IPS,KOSDAQ,stock,131300.0,-7.08,160960.0,1195213.0,1.0,1.0,1.0,115.1,False,-3.0,127175.0,119988.89,-8.5,2026-10-07,ok,OLED,2026-10-07T14:46:25+00:00
2026-10-07,24,042700,한미반도체,KOSPI,stock,264000.0,-5.04,160892.0,599751.0,1.0,1.0,0.5,118.1,False,0.1,264833.33,237000.0,-10.4,2026-10-07,ok,전자파,2026-10-07T14:46:25+00:00
2026-10-07,25,096770,SK이노베이션,KOSPI,stock,159500.0,0.95,157531.0,987942.0,0.5,1.0,1.0,124.4,True,-23.9,121500.0,119925.0,-24.9,2026-10-07,ok,LPG,2026-10-07T14:46:25+00:00
2026-10-07,26,038500,삼표시멘트,KOSDAQ,stock,7830.0,16.0,156366.0,19643368.0,0.0,0.0,0.5,106.4,False,42.1,11108.89,7535.0,-3.6,2026-10-07,ok,부동산 보유 자산주,2026-10-07T14:46:25+00:00
2026-10-07,27,267260,HD현대일렉트릭,KOSPI,stock,630000.0,-7.76,152629.0,234251.0,0.0,0.0,0.0,84.8,False,44.6,908333.33,774750.0,23.4,2026-10-07,ok,전력저장장치,2026-10-07T14:46:25+00:00
2026-10-07,28,003670,포스코퓨처엠,KOSPI,stock,190100.0,-7.04,150440.0,779889.0,0.0,0.0,0.5,115.1,False,8.2,207122.22,173150.0,-9.5,2026-10-07,ok,2차전지,2026-10-07T14:46:25+00:00
2026-10-07,29,278470,에이피알,KOSPI,stock,380500.0,5.4,141864.0,375758.0,0.5,0.5,0.5,100.2,False,1.3,384000.0,363944.44,-4.0,2026-10-07,ok,화장품,2026-10-07T14:46:25+00:00
2026-10-07,30,403870,HPSP,KOSDAQ,stock,65600.0,-4.65,141140.0,2113429.0,0.5,1.0,1.0,139.8,True,-22.7,50625.0,48444.44,-26.0,2026-10-07,ok,반도체 장비,2026-10-07T14:46:25+00:00
2026-10-07,31,281820,케이씨텍,KOSPI,stock,120100.0,11.82,138777.0,1122531.0,0.5,1.0,1.0,161.6,True,-30.7,85300.0,67266.67,-45.3,2026-10-07,ok,반도체 재료/부품,2026-10-07T14:46:25+00:00
2026-10-07,32,373220,LG에너지솔루션,KOSPI,stock,387000.0,-0.77,138194.0,354152.0,0.0,0.0,0.5,111.8,False,1.3,395888.89,356250.0,-8.9,2026-10-07,ok,니켈,2026-10-07T14:46:25+00:00
2026-10-07,33,329180,HD현대중공업,KOSPI,stock,399500.0,-4.99,134811.0,332852.0,0.0,0.0,0.0,86.0,False,38.3,553333.33,489000.0,22.2,2026-10-07,ok,LNG,2026-10-07T14:46:25+00:00
2026-10-07,34,353200,대덕전자,KOSPI,stock,149800.0,-5.13,131346.0,865457.0,0.0,0.5,1.0,135.3,True,-18.1,123900.0,111322.22,-26.4,2026-10-07,ok,스마트폰,2026-10-07T14:46:25+00:00
2026-10-07,35,001820,삼화콘덴서,KOSPI,stock,158800.0,0.0,125694.0,776066.0,0.5,1.0,1.0,148.0,True,-24.2,121125.0,93133.33,-41.7,2026-10-07,ok,전기차,2026-10-07T14:46:25+00:00
2026-10-07,36,001440,대한전선,KOSPI,stock,29750.0,-6.3,122114.0,3965040.0,0.0,0.0,0.5,105.2,False,15.6,34444.44,29037.5,-2.6,2026-10-07,ok,원자력발전,2026-10-07T14:46:25+00:00
2026-10-07,37,079550,LIG디펜스앤에어로스페이스,KOSPI,stock,664000.0,-5.55,120718.0,180171.0,0.5,0.5,0.0,92.2,False,6.0,698500.0,681944.44,3.5,2026-10-07,ok,UAM,2026-10-07T14:46:25+00:00
2026-10-07,38,087010,펩트론,KOSDAQ,stock,96900.0,-25.8,116732.0,1151621.0,0.0,0.0,0.0,86.1,False,76.3,230266.67,156725.0,20.0,2026-10-07,ok,코로나19,2026-10-07T14:46:25+00:00
2026-10-07,39,204270,제이앤티씨,KOSDAQ,stock,25650.0,11.76,113725.0,4307125.0,0.5,1.0,1.0,138.5,True,-24.1,19578.89,18497.5,-28.3,2026-10-07,ok,유리 기판,2026-10-07T14:46:25+00:00
2026-10-07,40,000250,삼천당제약,KOSDAQ,stock,238500.0,-1.04,110786.0,456608.0,0.0,0.0,0.5,139.9,True,66.2,400588.89,179075.0,-25.7,2026-10-07,ok,제약업체,2026-10-07T14:46:25+00:00
2026-10-07,41,222800,심텍,KOSDAQ,stock,169200.0,-3.31,105105.0,619928.0,0.5,1.0,1.0,144.7,True,-25.0,127800.0,97583.33,-42.7,2026-10-07,ok,PCB,2026-10-07T14:46:25+00:00
2026-10-07,42,128940,한미약품,KOSPI,stock,534000.0,2.1,101816.0,191955.0,0.5,1.0,1.0,121.5,True,-11.2,473944.44,430625.0,-19.4,2026-10-07,ok,백신/진단시약/방역,2026-10-07T14:46:25+00:00
2026-10-07,43,003350,한국화장품제조,KOSPI,stock,16570.0,10.17,99231.0,5829553.0,0.5,1.0,1.0,144.5,True,-31.6,11512.5,10465.56,-37.8,2026-10-07,ok,화장품,2026-10-07T14:46:25+00:00
2026-10-07,44,062040,산일전기,KOSPI,stock,229000.0,-2.55,98915.0,417822.0,0.5,1.0,1.0,125.9,True,-14.7,197575.0,194711.11,-15.9,2026-10-07,ok,전력설비,2026-10-07T14:46:25+00:00
2026-10-07,45,035420,NAVER,KOSPI,stock,188100.0,-1.57,97657.0,514678.0,0.0,0.0,0.0,91.4,False,17.2,221522.22,204425.0,8.2,2026-10-07,ok,모바일게임,2026-10-07T14:46:25+00:00
2026-10-07,46,006260,LS,KOSPI,stock,278000.0,-7.18,94709.0,330540.0,0.0,0.0,0.0,91.8,False,15.9,324555.56,313125.0,11.8,2026-10-07,ok,무선충전기술,2026-10-07T14:46:25+00:00
2026-10-07,47,058470,리노공업,KOSDAQ,stock,85100.0,-2.07,93581.0,1079066.0,0.0,0.0,0.5,122.8,True,5.8,90144.44,72025.0,-15.5,2026-10-07,ok,시스템반도체,2026-10-07T14:46:25+00:00
2026-10-07,48,217590,티엠씨,KOSPI,stock,18510.0,-3.04,92285.0,4722224.0,0.0,0.0,1.0,149.9,True,-28.2,13560.0,13560.0,-28.2,2026-10-07,ok,조선기자재,2026-10-07T14:46:25+00:00
2026-10-07,49,028050,삼성E&A,KOSPI,stock,48750.0,1.46,92241.0,1885866.0,0.5,0.5,1.0,103.5,False,-4.2,46550.0,43900.0,-9.7,2026-10-07,ok,수자원,2026-10-07T14:46:25+00:00
2026-10-07,50,105560,KB금융,KOSPI,stock,168300.0,0.84,89573.0,531894.0,1.0,1.0,1.0,98.0,False,-0.7,167400.0,157422.22,-6.6,2026-10-07,ok,인터넷은행,2026-10-07T14:46:25+00:00
2026-10-07,51,142280,녹십자엠에스,KOSDAQ,stock,4300.0,29.91,88382.0,21850686.0,0.0,0.5,1.0,143.3,True,-17.1,3481.11,2946.25,-29.9,2026-10-07,ok,코로나19,2026-10-07T14:46:25+00:00
2026-10-07,52,000150,두산,KOSPI,stock,1392000.0,-5.18,87333.0,61307.0,0.5,0.5,1.0,112.0,False,-4.6,1334555.56,1322000.0,-5.5,2026-10-07,ok,반도체 재료/부품,2026-10-07T14:46:25+00:00
2026-10-07,53,009540,HD한국조선해양,KOSPI,stock,300500.0,-5.65,87006.0,285154.0,0.0,0.0,0.0,85.2,False,28.9,388722.22,351625.0,16.6,2026-10-07,ok,LNG,2026-10-07T14:46:25+00:00
2026-10-07,54,028260,삼성물산,KOSPI,stock,335500.0,-1.9,82667.0,242598.0,0.5,0.5,0.0,94.5,False,14.4,384500.0,352722.22,5.0,2026-10-07,ok,자원개발,2026-10-07T14:46:25+00:00
2026-10-07,55,000270,기아,KOSPI,stock,109300.0,-2.93,82539.0,749640.0,0.0,0.0,0.0,84.6,False,35.6,148666.67,128425.0,17.2,2026-10-07,ok,전기차,2026-10-07T14:46:25+00:00
2026-10-07,56,131290,티에스이,KOSDAQ,stock,307500.0,-1.91,80960.0,259207.0,0.5,1.0,1.0,128.2,True,-24.3,239275.0,177422.22,-43.9,2026-10-07,ok,OLED,2026-10-07T14:46:25+00:00
2026-10-07,57,207940,삼성바이오로직스,KOSPI,stock,1278000.0,-2.44,80106.0,62482.0,0.0,0.0,0.0,87.5,False,18.6,1515068.88,1443904.97,13.1,2026-10-07,ok,제약업체,2026-10-07T14:46:25+00:00
2026-10-07,58,158430,아톤,KOSDAQ,stock,6760.0,-3.15,80098.0,11617301.0,0.0,0.5,1.0,150.5,True,-15.7,5894.44,4527.5,-35.2,2026-10-07,ok,마이데이터,2026-10-07T14:46:25+00:00
2026-10-07,59,009830,한화솔루션,KOSPI,stock,36050.0,-2.57,76284.0,2094828.0,0.5,0.5,0.5,117.4,False,3.7,37505.56,31800.0,-12.0,2026-10-07,ok,日 수출 규제,2026-10-07T14:46:25+00:00
2026-10-07,60,0161M0,네오사피엔스,KOSDAQ,stock,12770.0,-7.93,75357.0,5316247.0,,,,,,,,,,,short,지능형로봇/인공지능,2026-10-07T14:46:25+00:00
2026-10-07,61,000990,DB하이텍,KOSPI,stock,133300.0,-4.58,75311.0,550343.0,0.5,1.0,1.0,127.4,True,-10.5,120322.22,114725.0,-14.6,2026-10-07,ok,스마트카,2026-10-07T14:46:25+00:00
2026-10-07,62,039030,이오테크닉스,KOSDAQ,stock,517000.0,-4.96,75204.0,143776.0,0.5,1.0,1.0,130.0,True,-18.1,424000.0,422333.33,-18.5,2026-10-07,ok,HBM,2026-10-07T14:46:25+00:00
2026-10-07,63,352820,하이브,KOSPI,stock,167000.0,6.37,74556.0,449257.0,0.0,0.0,0.0,92.9,False,49.1,248933.33,174225.0,4.3,2026-10-07,ok,음원/음반,2026-10-07T14:46:25+00:00
2026-10-07,64,161890,한국콜마,KOSPI,stock,144100.0,3.74,73919.0,512440.0,1.0,1.0,1.0,113.4,False,-14.0,125200.0,99688.89,-31.5,2026-10-07,ok,화장품,2026-10-07T14:46:25+00:00
2026-10-07,65,468670,브릴스,KOSDAQ,stock,24950.0,-17.93,73210.0,2591878.0,,,,,,,,,,,short,로봇,2026-10-07T14:46:25+00:00
2026-10-07,66,319660,피에스케이,KOSDAQ,stock,137200.0,-10.91,72107.0,509212.0,1.0,1.0,0.5,98.9,False,9.7,150475.0,110466.67,-19.5,2026-10-07,ok,시스템반도체,2026-10-07T14:46:25+00:00
2026-10-07,67,067310,하나마이크론,KOSDAQ,stock,49650.0,-5.97,71277.0,1405683.0,0.5,1.0,1.0,136.6,True,-19.9,40612.5,38261.11,-24.5,2026-10-07,ok,반도체 재료/부품,2026-10-07T14:46:25+00:00
2026-10-07,68,411080,샌즈랩,KOSDAQ,stock,8190.0,-8.7,70712.0,7967501.0,0.5,1.0,1.0,179.6,True,-31.0,5866.67,4632.5,-45.5,2026-10-07,ok,딥페이크,2026-10-07T14:46:25+00:00
2026-10-07,69,055550,신한지주,KOSPI,stock,103000.0,-0.58,68876.0,666867.0,1.0,1.0,1.0,96.3,False,-0.4,102875.0,97100.0,-6.0,2026-10-07,ok,은행,2026-10-07T14:46:25+00:00
2026-10-07,70,347700,스피어,KOSDAQ,stock,25350.0,-5.41,68035.0,2660358.0,0.0,0.0,0.5,124.1,True,17.2,30700.0,20462.5,-21.9,2026-10-07,ok,원격진료/비대면진료,2026-10-07T14:46:25+00:00
2026-10-07,71,095610,테스,KOSDAQ,stock,162600.0,-7.82,67578.0,408005.0,1.0,1.0,1.0,109.4,False,-0.6,162050.0,116944.44,-28.3,2026-10-07,ok,반도체 장비,2026-10-07T14:46:25+00:00
2026-10-07,72,047040,대우건설,KOSPI,stock,17220.0,-2.99,66239.0,3761046.0,0.5,0.5,0.5,102.2,False,2.1,17712.22,16887.5,-2.6,2026-10-07,ok,수자원,2026-10-07T14:46:25+00:00
2026-10-07,73,005490,POSCO홀딩스,KOSPI,stock,308000.0,-3.14,64711.0,209023.0,0.0,0.0,0.0,96.1,False,17.5,361388.89,318500.0,3.6,2026-10-07,ok,니켈,2026-10-07T14:46:25+00:00
2026-10-07,74,010950,S-Oil,KOSPI,stock,170800.0,3.33,64622.0,380552.0,1.0,1.0,1.0,117.3,False,-20.1,136375.0,123177.78,-27.8,2026-10-07,ok,LPG,2026-10-07T14:46:25+00:00
2026-10-07,75,103590,일진전기,KOSPI,stock,87000.0,-1.02,63093.0,702844.0,0.5,1.0,1.0,129.4,True,-8.7,80377.78,70500.0,-19.9,2026-10-07,ok,스마트그리드,2026-10-07T14:46:25+00:00
2026-10-07,76,274090,켄코아에어로스페이스,KOSDAQ,stock,12180.0,-11.22,62742.0,4585198.0,0.0,0.0,0.5,118.7,False,46.3,18218.89,10842.5,-12.9,2026-10-07,ok,UAM,2026-10-07T14:46:25+00:00
2026-10-07,77,007810,코리아써키트,KOSPI,stock,86500.0,-2.48,62718.0,720927.0,0.0,0.5,1.0,146.6,True,-13.4,76572.22,69387.5,-21.5,2026-10-07,ok,PCB,2026-10-07T14:46:25+00:00
2026-10-07,78,192820,코스맥스,KOSPI,stock,310500.0,4.19,62332.0,203211.0,0.5,1.0,1.0,128.4,True,-26.5,226650.0,208866.67,-32.3,2026-10-07,ok,화장품,2026-10-07T14:46:25+00:00
2026-10-07,79,012330,현대모비스,KOSPI,stock,371500.0,-2.24,62310.0,166167.0,0.0,0.0,0.0,83.1,False,28.9,481500.0,449125.0,20.2,2026-10-07,ok,음성인식,2026-10-07T14:46:25+00:00
2026-10-07,80,042660,한화오션,KOSPI,stock,74100.0,-4.02,61851.0,820811.0,0.0,0.0,0.0,87.5,False,51.0,111922.22,88075.0,18.9,2026-10-07,ok,방위산업/전쟁 및 테러,2026-10-07T14:46:25+00:00
2026-10-07,81,196170,알테오젠,KOSDAQ,stock,254500.0,-2.12,61155.0,235563.0,0.0,0.0,0.0,95.5,False,9.7,282017.09,269250.0,4.8,2026-10-07,ok,바이오시밀러,2026-10-07T14:46:25+00:00
2026-10-07,82,086520,에코프로,KOSDAQ,stock,91000.0,-4.61,60919.0,655664.0,0.0,0.0,0.5,110.0,False,37.4,126277.78,89400.0,-2.7,2026-10-07,ok,온실가스/탄소 포집·활용·저장,2026-10-07T14:46:25+00:00
2026-10-07,83,034730,SK,KOSPI,stock,576000.0,-1.71,56858.0,97345.0,0.5,0.5,0.5,101.8,False,8.8,631000.0,517833.33,-10.7,2026-10-07,ok,조림사업,2026-10-07T14:46:25+00:00
2026-10-07,84,086790,하나금융지주,KOSPI,stock,128200.0,-0.39,56775.0,440431.0,1.0,1.0,1.0,97.6,False,-1.8,126575.0,119755.56,-7.1,2026-10-07,ok,토스,2026-10-07T14:46:25+00:00
2026-10-07,85,272210,한화시스템,KOSPI,stock,77700.0,-4.9,55016.0,694543.0,0.0,0.0,0.5,109.3,False,18.5,91988.89,70925.0,-8.6,2026-10-07,ok,UAM,2026-10-07T14:46:25+00:00
2026-10-07,86,267270,HD건설기계,KOSPI,stock,113700.0,-4.05,54278.0,473625.0,0.0,0.0,0.0,87.7,False,17.2,135100.0,126625.0,9.8,2026-10-07,ok,건설기계,2026-10-07T14:46:25+00:00
2026-10-07,87,047810,한국항공우주,KOSPI,stock,121300.0,-6.11,53989.0,436389.0,0.0,0.0,0.0,89.7,False,27.0,154744.44,132725.0,9.0,2026-10-07,ok,UAM,2026-10-07T14:46:25+00:00
2026-10-07,88,047920,HLB제약,KOSDAQ,stock,12550.0,-3.54,52446.0,4084391.0,0.0,0.5,0.5,151.6,True,3.3,12982.22,9932.5,-21.0,2026-10-07,ok,제약업체,2026-10-07T14:46:25+00:00
2026-10-07,89,247540,에코프로비엠,KOSDAQ,stock,124400.0,-3.49,51614.0,409545.0,0.0,0.0,0.5,113.3,False,37.7,171430.27,118543.12,-4.8,2026-10-07,ok,2차전지,2026-10-07T14:46:25+00:00
2026-10-07,90,066970,엘앤에프,KOSPI,stock,117100.0,-5.64,51394.0,428577.0,0.0,0.0,0.5,112.9,False,13.7,133655.56,110900.0,-5.7,2026-10-07,ok,2차전지,2026-10-07T14:46:25+00:00
2026-10-07,91,078930,GS,KOSPI,stock,109800.0,3.78,49934.0,455444.0,1.0,1.0,1.0,104.3,False,-11.4,97400.0,82800.0,-24.7,2026-10-07,ok,LPG,2026-10-07T14:46:25+00:00
2026-10-07,92,000720,현대건설,KOSPI,stock,110400.0,-2.21,49879.0,445459.0,0.0,0.0,0.0,97.9,False,17.0,129755.56,112400.0,1.4,2026-10-07,ok,테마파크,2026-10-07T14:46:25+00:00
2026-10-07,93,108490,로보티즈,KOSDAQ,stock,304000.0,-3.65,49793.0,160006.0,1.0,1.0,1.0,119.7,False,-9.2,277477.78,246825.0,-19.2,2026-10-07,ok,지능형로봇/인공지능,2026-10-07T14:46:25+00:00
2026-10-07,94,036570,NC,KOSPI,stock,236000.0,5.36,49723.0,209191.0,0.0,0.0,0.5,105.5,False,1.8,241666.67,231375.0,-2.6,2026-10-07,ok,모바일게임,2026-10-07T14:46:25+00:00
2026-10-07,95,028300,HLB,KOSDAQ,stock,45750.0,-3.48,49709.0,1070602.0,0.0,0.0,0.5,129.9,True,3.9,47677.78,39900.0,-13.1,2026-10-07,ok,면역항암제,2026-10-07T14:46:25+00:00
2026-10-07,96,010140,삼성중공업,KOSPI,stock,19510.0,-0.96,49218.0,2513129.0,0.0,0.0,0.0,92.5,False,29.9,25377.78,21312.5,9.1,2026-10-07,ok,LNG,2026-10-07T14:46:25+00:00
2026-10-07,97,064400,LG씨엔에스,KOSPI,stock,69200.0,-5.98,49094.0,696414.0,0.0,0.0,0.0,98.1,False,7.1,74011.11,71825.0,3.9,2026-10-07,ok,클라우드 컴퓨팅,2026-10-07T14:46:25+00:00
2026-10-07,98,031980,피에스케이홀딩스,KOSDAQ,stock,201500.0,2.28,48763.0,243032.0,0.5,1.0,1.0,152.6,True,-31.2,140300.0,117044.44,-42.6,2026-10-07,ok,HBM,2026-10-07T14:46:25+00:00
2026-10-07,99,093370,후성,KOSPI,stock,15130.0,-7.12,48665.0,3140613.0,0.5,1.0,1.0,124.3,True,-6.4,14295.0,11712.22,-23.3,2026-10-07,ok,여름,2026-10-07T14:46:25+00:00
2026-10-07,100,032830,삼성생명,KOSPI,stock,278500.0,-2.28,48633.0,171805.0,0.5,0.5,0.0,93.9,False,15.7,325125.0,285255.56,1.5,2026-10-07,ok,생명보험,2026-10-07T14:46:25+00:00
