date,rank,code,name,market,end_type,close,change_pct,value_mil,volume,weight,base_weight,next_weight,disparity,overheated,to_full_pct,to_none_pct,last_date,status,themes,scanned_at
2026-10-02,1,000660,SK하이닉스,KOSPI,stock,1842000.0,0.49,3707834.0,2014287.0,0.5,0.5,0.5,106.0,False,6.2,-14.2,2026-10-02,ok,,2026-10-02T14:02:52+00:00
2026-10-02,2,005930,삼성전자,KOSPI,stock,276000.0,0.0,3141812.0,11408387.0,0.5,0.5,0.5,106.7,False,1.9,-11.2,2026-10-02,ok,,2026-10-02T14:02:52+00:00
2026-10-02,3,009150,삼성전기,KOSPI,stock,1577000.0,1.02,750887.0,480105.0,0.5,0.5,1.0,115.6,False,-0.4,-27.0,2026-10-02,ok,,2026-10-02T14:02:52+00:00
2026-10-02,4,005935,삼성전자우,KOSPI,stock,201500.0,-1.47,509257.0,2537796.0,0.5,0.5,1.0,106.9,False,-2.4,-15.9,2026-10-02,ok,,2026-10-02T14:02:52+00:00
2026-10-02,5,468670,브릴스,KOSDAQ,stock,34150.0,12.15,446733.0,12742620.0,,,,,,,,,short,,2026-10-02T14:02:52+00:00
2026-10-02,6,080220,제주반도체,KOSDAQ,stock,92800.0,5.22,402884.0,4370853.0,0.0,0.5,1.0,121.8,True,-11.9,-27.2,2026-10-02,ok,,2026-10-02T14:02:52+00:00
2026-10-02,7,402340,SK스퀘어,KOSPI,stock,1156000.0,0.09,399905.0,346879.0,0.5,0.5,0.5,105.6,False,5.8,-17.0,2026-10-02,ok,,2026-10-02T14:02:52+00:00
2026-10-02,8,036930,주성엔지니어링,KOSDAQ,stock,239500.0,-0.62,332381.0,1363805.0,0.5,1.0,1.0,133.7,True,-22.5,-42.8,2026-10-02,ok,,2026-10-02T14:02:52+00:00
2026-10-02,9,043260,성호전자,KOSDAQ,stock,31400.0,10.18,294464.0,9363821.0,0.5,1.0,1.0,162.6,True,-13.4,-29.5,2026-10-02,ok,,2026-10-02T14:02:52+00:00
2026-10-02,10,010170,대한광통신,KOSDAQ,stock,17860.0,5.06,269306.0,15084450.0,0.5,1.0,1.0,137.5,True,-26.4,-34.3,2026-10-02,ok,,2026-10-02T14:02:52+00:00
2026-10-02,11,403870,HPSP,KOSDAQ,stock,66200.0,-4.06,239178.0,3595894.0,0.5,1.0,1.0,142.6,True,-22.7,-26.0,2026-10-02,ok,,2026-10-02T14:02:52+00:00
2026-10-02,12,000150,두산,KOSPI,stock,1338000.0,-3.32,201210.0,152860.0,0.5,0.5,1.0,107.7,False,-0.5,-1.4,2026-10-02,ok,,2026-10-02T14:02:52+00:00
2026-10-02,13,0035S0,빅웨이브로보틱스,KOSDAQ,stock,31750.0,0.32,200748.0,6098371.0,,,,,,,,,short,,2026-10-02T14:02:52+00:00
2026-10-02,14,009830,한화솔루션,KOSPI,stock,36100.0,5.4,197657.0,5534468.0,0.5,0.5,0.5,118.0,False,3.9,-11.9,2026-10-02,ok,,2026-10-02T14:02:52+00:00
2026-10-02,15,058470,리노공업,KOSDAQ,stock,85100.0,4.55,192595.0,2273353.0,0.0,0.0,0.5,122.4,True,6.9,-14.6,2026-10-02,ok,,2026-10-02T14:02:52+00:00
2026-10-02,16,240810,원익IPS,KOSDAQ,stock,139400.0,-2.86,184789.0,1320502.0,0.5,1.0,1.0,122.4,True,-8.0,-13.2,2026-10-02,ok,,2026-10-02T14:02:52+00:00
2026-10-02,17,222800,심텍,KOSDAQ,stock,170200.0,6.57,183660.0,1104881.0,0.5,1.0,1.0,144.7,True,-23.6,-41.6,2026-10-02,ok,,2026-10-02T14:02:52+00:00
2026-10-02,18,042700,한미반도체,KOSPI,stock,272000.0,1.3,180895.0,658461.0,0.5,1.0,1.0,122.7,True,-2.6,-12.9,2026-10-02,ok,,2026-10-02T14:02:52+00:00
2026-10-02,19,096770,SK이노베이션,KOSPI,stock,151300.0,8.38,179137.0,1199550.0,0.5,1.0,1.0,121.9,True,-21.1,-22.1,2026-10-02,ok,,2026-10-02T14:02:52+00:00
2026-10-02,20,072950,빛샘전자,KOSDAQ,stock,17250.0,12.82,167315.0,9522615.0,0.5,1.0,1.0,184.8,True,-43.6,-47.4,2026-10-02,ok,,2026-10-02T14:02:52+00:00
2026-10-02,21,353200,대덕전자,KOSPI,stock,149200.0,-0.13,164487.0,1108856.0,0.0,0.5,1.0,133.9,True,-16.2,-24.7,2026-10-02,ok,,2026-10-02T14:02:52+00:00
2026-10-02,22,478340,나라스페이스테크놀로지,KOSDAQ,stock,17090.0,20.69,158069.0,9505408.0,0.0,0.0,1.0,157.1,True,-20.7,-20.7,2026-10-02,ok,,2026-10-02T14:02:52+00:00
2026-10-02,23,005380,현대차,KOSPI,stock,347000.0,-0.57,155942.0,451604.0,0.0,0.0,0.0,87.3,False,44.5,17.7,2026-10-02,ok,,2026-10-02T14:02:52+00:00
2026-10-02,24,034020,두산에너빌리티,KOSPI,stock,81400.0,-0.85,146445.0,1806290.0,0.0,0.0,0.5,103.8,False,15.0,-2.0,2026-10-02,ok,,2026-10-02T14:02:52+00:00
2026-10-02,25,006400,삼성SDI,KOSPI,stock,529000.0,2.32,123515.0,235435.0,0.5,0.5,1.0,109.0,False,-2.9,-6.6,2026-10-02,ok,,2026-10-02T14:02:52+00:00
2026-10-02,26,266690,덕산넵코어스,KOSDAQ,stock,16310.0,-1.87,119646.0,7025551.0,,,,,,,,,short,,2026-10-02T14:02:52+00:00
2026-10-02,27,067310,하나마이크론,KOSDAQ,stock,52200.0,1.95,115226.0,2192408.0,0.5,1.0,1.0,140.7,True,-21.1,-25.7,2026-10-02,ok,,2026-10-02T14:02:52+00:00
2026-10-02,28,001440,대한전선,KOSPI,stock,31500.0,4.48,111313.0,3577789.0,0.0,0.0,0.5,111.4,False,9.3,-7.8,2026-10-02,ok,,2026-10-02T14:02:52+00:00
2026-10-02,29,012450,한화에어로스페이스,KOSPI,stock,1069000.0,3.38,111119.0,105107.0,0.0,0.0,0.5,103.7,False,7.3,-6.2,2026-10-02,ok,,2026-10-02T14:02:52+00:00
2026-10-02,30,327260,RF머트리얼즈,KOSDAQ,stock,53200.0,7.69,110798.0,2030522.0,0.5,1.0,1.0,152.8,True,-35.8,-39.5,2026-10-02,ok,,2026-10-02T14:02:52+00:00
2026-10-02,31,046970,우리로,KOSDAQ,stock,8340.0,12.55,109782.0,13345572.0,0.5,1.0,1.0,157.5,True,-34.7,-35.0,2026-10-02,ok,,2026-10-02T14:02:52+00:00
2026-10-02,32,217590,티엠씨,KOSPI,stock,18440.0,29.95,99750.0,5833870.0,0.0,0.0,1.0,149.5,True,-26.5,-26.5,2026-10-02,ok,,2026-10-02T14:02:52+00:00
2026-10-02,33,316140,우리금융지주,KOSPI,stock,33750.0,1.5,98181.0,2930108.0,1.0,1.0,1.0,100.5,False,-2.0,-2.9,2026-10-02,ok,,2026-10-02T14:02:52+00:00
2026-10-02,34,086520,에코프로,KOSDAQ,stock,89100.0,4.7,97401.0,1101306.0,0.0,0.0,0.0,107.0,False,42.0,0.6,2026-10-02,ok,,2026-10-02T14:02:52+00:00
2026-10-02,35,001820,삼화콘덴서,KOSPI,stock,157800.0,-0.57,95510.0,607042.0,0.5,1.0,1.0,147.5,True,-22.6,-40.5,2026-10-02,ok,,2026-10-02T14:02:52+00:00
2026-10-02,36,062040,산일전기,KOSPI,stock,227000.0,6.32,95467.0,430010.0,0.5,1.0,1.0,124.6,True,-13.0,-14.2,2026-10-02,ok,,2026-10-02T14:02:52+00:00
2026-10-02,37,105560,KB금융,KOSPI,stock,168400.0,1.45,94449.0,564592.0,1.0,1.0,1.0,97.3,False,0.0,-6.0,2026-10-02,ok,,2026-10-02T14:02:52+00:00
2026-10-02,38,161890,한국콜마,KOSPI,stock,137100.0,-6.42,94308.0,689017.0,1.0,1.0,1.0,107.2,False,-8.3,-27.0,2026-10-02,ok,,2026-10-02T14:02:52+00:00
2026-10-02,39,329180,HD현대중공업,KOSPI,stock,426000.0,-1.27,90496.0,212914.0,0.0,0.0,0.0,90.8,False,29.9,14.8,2026-10-02,ok,,2026-10-02T14:02:52+00:00
2026-10-02,40,010060,OCI홀딩스,KOSPI,stock,236000.0,6.79,89952.0,384807.0,0.5,0.5,1.0,103.9,False,-2.3,-4.2,2026-10-02,ok,,2026-10-02T14:02:52+00:00
2026-10-02,41,011070,LG이노텍,KOSPI,stock,574000.0,-1.71,89319.0,157131.0,0.0,0.0,0.0,97.7,False,17.6,8.2,2026-10-02,ok,,2026-10-02T14:02:52+00:00
2026-10-02,42,108490,로보티즈,KOSDAQ,stock,312000.0,5.23,88181.0,285587.0,0.5,1.0,1.0,123.6,True,-10.8,-20.6,2026-10-02,ok,,2026-10-02T14:02:52+00:00
2026-10-02,43,093370,후성,KOSPI,stock,16400.0,4.39,87710.0,5427377.0,0.5,1.0,1.0,135.1,True,-12.8,-28.5,2026-10-02,ok,,2026-10-02T14:02:52+00:00
2026-10-02,44,000270,기아,KOSPI,stock,113200.0,-0.09,87568.0,780472.0,0.0,0.0,0.0,86.2,False,31.7,13.8,2026-10-02,ok,,2026-10-02T14:02:52+00:00
2026-10-02,45,178320,서진시스템,KOSDAQ,stock,41850.0,3.98,84589.0,2017407.0,0.0,0.0,0.5,112.2,False,14.6,-1.9,2026-10-02,ok,,2026-10-02T14:02:52+00:00
2026-10-02,46,066570,LG전자,KOSPI,stock,215500.0,1.89,84473.0,395945.0,0.5,0.5,1.0,112.0,False,-8.1,-18.8,2026-10-02,ok,,2026-10-02T14:02:52+00:00
2026-10-02,47,035420,NAVER,KOSPI,stock,192200.0,0.52,83707.0,436417.0,0.0,0.0,0.0,92.9,False,15.3,6.4,2026-10-02,ok,,2026-10-02T14:02:52+00:00
2026-10-02,48,000720,현대건설,KOSPI,stock,114700.0,-2.13,80658.0,705754.0,0.0,0.0,0.5,101.2,False,13.4,-1.7,2026-10-02,ok,,2026-10-02T14:02:52+00:00
2026-10-02,49,036540,SFA반도체,KOSDAQ,stock,11460.0,4.18,79595.0,6949617.0,0.5,1.0,1.0,175.2,True,-35.9,-40.1,2026-10-02,ok,,2026-10-02T14:02:52+00:00
2026-10-02,50,007810,코리아써키트,KOSPI,stock,82900.0,4.94,77619.0,935221.0,0.0,0.5,1.0,138.3,True,-7.1,-15.8,2026-10-02,ok,,2026-10-02T14:02:52+00:00
2026-10-02,51,373220,LG에너지솔루션,KOSPI,stock,369000.0,2.36,77081.0,210285.0,0.0,0.0,0.5,106.8,False,6.7,-4.0,2026-10-02,ok,,2026-10-02T14:02:52+00:00
2026-10-02,52,028260,삼성물산,KOSPI,stock,347000.0,0.0,76746.0,223341.0,0.5,0.5,0.0,96.7,False,11.1,1.9,2026-10-02,ok,,2026-10-02T14:02:52+00:00
2026-10-02,53,272210,한화시스템,KOSPI,stock,82000.0,3.93,76195.0,942564.0,0.0,0.0,0.5,117.5,False,11.0,-14.4,2026-10-02,ok,,2026-10-02T14:02:52+00:00
2026-10-02,54,125490,한라캐스트,KOSDAQ,stock,13190.0,8.56,76096.0,5780078.0,0.0,0.5,1.0,134.2,True,-19.0,-26.5,2026-10-02,ok,,2026-10-02T14:02:52+00:00
2026-10-02,55,010950,S-Oil,KOSPI,stock,164900.0,10.82,75789.0,466323.0,1.0,1.0,1.0,115.3,False,-17.9,-25.9,2026-10-02,ok,,2026-10-02T14:02:52+00:00
2026-10-02,56,055550,신한지주,KOSPI,stock,105900.0,2.02,75394.0,720780.0,1.0,1.0,1.0,97.6,False,-1.8,-7.3,2026-10-02,ok,,2026-10-02T14:02:52+00:00
2026-10-02,57,018880,한온시스템,KOSPI,stock,3840.0,4.49,72041.0,18945142.0,0.0,0.0,0.5,109.4,False,3.5,-7.5,2026-10-02,ok,,2026-10-02T14:02:52+00:00
2026-10-02,58,319660,피에스케이,KOSDAQ,stock,152000.0,-6.11,71684.0,467185.0,1.0,1.0,1.0,109.3,False,-1.0,-27.3,2026-10-02,ok,,2026-10-02T14:02:52+00:00
2026-10-02,59,079550,LIG디펜스앤에어로스페이스,KOSPI,stock,759000.0,4.83,70823.0,94362.0,0.5,0.5,1.0,106.2,False,-8.3,-10.5,2026-10-02,ok,,2026-10-02T14:02:52+00:00
2026-10-02,60,207940,삼성바이오로직스,KOSPI,stock,1366000.0,-3.67,70455.0,51556.0,0.0,0.0,0.0,92.6,False,11.9,6.6,2026-10-02,ok,,2026-10-02T14:02:52+00:00
2026-10-02,61,267260,HD현대일렉트릭,KOSPI,stock,678000.0,0.74,70314.0,104822.0,0.0,0.0,0.0,90.7,False,34.0,14.3,2026-10-02,ok,,2026-10-02T14:02:52+00:00
2026-10-02,62,020150,롯데에너지머티리얼즈,KOSPI,stock,51100.0,18.98,69567.0,1399138.0,0.0,0.5,1.0,145.7,True,-12.7,-25.4,2026-10-02,ok,,2026-10-02T14:02:52+00:00
2026-10-02,63,298040,효성중공업,KOSPI,stock,2790000.0,-1.13,68266.0,24554.0,0.0,0.0,0.0,100.3,False,8.0,4.0,2026-10-02,ok,,2026-10-02T14:02:52+00:00
2026-10-02,64,011790,SKC,KOSPI,stock,106800.0,1.91,67946.0,628414.0,0.0,0.0,1.0,123.7,True,-1.8,-13.5,2026-10-02,ok,,2026-10-02T14:02:52+00:00
2026-10-02,65,232140,와이씨,KOSDAQ,stock,16930.0,5.81,67557.0,4042536.0,0.0,0.5,1.0,152.8,True,-5.7,-30.1,2026-10-02,ok,,2026-10-02T14:02:52+00:00
2026-10-02,66,274090,켄코아에어로스페이스,KOSDAQ,stock,13320.0,5.63,65953.0,4802036.0,0.0,0.0,0.5,129.7,True,35.2,-19.6,2026-10-02,ok,,2026-10-02T14:02:52+00:00
2026-10-02,67,278470,에이피알,KOSPI,stock,367000.0,0.27,64579.0,175776.0,0.5,0.5,0.5,96.5,False,4.9,-0.6,2026-10-02,ok,,2026-10-02T14:02:52+00:00
2026-10-02,68,000500,가온전선,KOSPI,stock,327500.0,2.99,63557.0,194747.0,0.5,1.0,1.0,154.7,True,-32.2,-53.6,2026-10-02,ok,,2026-10-02T14:02:52+00:00
2026-10-02,69,486510,글로벌테크놀로지,KOSDAQ,stock,14860.0,-11.18,62535.0,3846646.0,,,,,,,,,short,,2026-10-02T14:02:52+00:00
2026-10-02,70,356680,엑스게이트,KOSDAQ,stock,19260.0,6.12,62210.0,3310088.0,0.5,1.0,1.0,147.8,True,-24.2,-29.9,2026-10-02,ok,,2026-10-02T14:02:52+00:00
2026-10-02,71,012330,현대모비스,KOSPI,stock,385500.0,0.92,62055.0,162623.0,0.0,0.0,0.0,84.6,False,25.6,17.1,2026-10-02,ok,,2026-10-02T14:02:52+00:00
2026-10-02,72,000250,삼천당제약,KOSDAQ,stock,210000.0,5.32,61305.0,299953.0,0.0,0.0,0.5,121.2,True,93.5,-13.5,2026-10-02,ok,,2026-10-02T14:02:52+00:00
2026-10-02,73,196170,알테오젠,KOSDAQ,stock,259500.0,-2.08,61124.0,234723.0,0.0,0.0,0.0,96.5,False,8.7,3.8,2026-10-02,ok,,2026-10-02T14:02:52+00:00
2026-10-02,74,010120,LS ELECTRIC,KOSPI,stock,209000.0,1.46,60402.0,289926.0,0.5,0.5,1.0,105.2,False,-0.3,-6.2,2026-10-02,ok,,2026-10-02T14:02:52+00:00
2026-10-02,75,078600,대주전자재료,KOSDAQ,stock,108700.0,12.29,60310.0,563923.0,0.0,0.0,1.0,128.2,True,-0.6,-18.1,2026-10-02,ok,,2026-10-02T14:02:52+00:00
2026-10-02,76,041190,우리기술투자,KOSDAQ,stock,6410.0,7.19,58577.0,9147079.0,0.0,0.5,1.0,122.9,True,-2.3,-18.2,2026-10-02,ok,,2026-10-02T14:02:52+00:00
2026-10-02,77,039030,이오테크닉스,KOSDAQ,stock,537000.0,-4.79,58413.0,108226.0,0.5,1.0,1.0,135.5,True,-20.3,-20.6,2026-10-02,ok,,2026-10-02T14:02:52+00:00
2026-10-02,78,007660,이수페타시스,KOSPI,stock,122000.0,-1.13,57330.0,472175.0,0.0,0.5,1.0,121.8,True,-4.5,-13.6,2026-10-02,ok,,2026-10-02T14:02:52+00:00
2026-10-02,79,003490,대한항공,KOSPI,stock,30850.0,-1.12,57008.0,1868125.0,1.0,1.0,1.0,110.3,False,-7.2,-12.9,2026-10-02,ok,,2026-10-02T14:02:52+00:00
2026-10-02,80,440110,파두,KOSDAQ,stock,86900.0,-3.12,56802.0,654719.0,0.0,0.5,1.0,127.3,True,-13.2,-20.4,2026-10-02,ok,,2026-10-02T14:02:52+00:00
2026-10-02,81,103590,일진전기,KOSPI,stock,86000.0,3.74,56603.0,654554.0,0.5,1.0,1.0,128.1,True,-6.8,-18.2,2026-10-02,ok,,2026-10-02T14:02:52+00:00
2026-10-02,82,089970,브이엠,KOSDAQ,stock,67400.0,-4.8,56534.0,830465.0,0.5,0.5,0.5,98.7,False,11.3,-13.1,2026-10-02,ok,,2026-10-02T14:02:52+00:00
2026-10-02,83,047040,대우건설,KOSPI,stock,17690.0,-0.39,55721.0,3166858.0,0.5,0.5,0.5,104.0,False,0.6,-4.1,2026-10-02,ok,,2026-10-02T14:02:52+00:00
2026-10-02,84,322000,HD현대에너지솔루션,KOSPI,stock,139200.0,6.18,55620.0,401008.0,0.5,0.5,1.0,109.8,False,-2.4,-6.4,2026-10-02,ok,,2026-10-02T14:02:52+00:00
2026-10-02,85,347700,스피어,KOSDAQ,stock,24700.0,7.63,55382.0,2253758.0,0.0,0.0,0.5,117.8,False,24.8,-16.8,2026-10-02,ok,,2026-10-02T14:02:52+00:00
2026-10-02,86,068270,셀트리온,KOSPI,stock,182600.0,-0.54,55278.0,303612.0,0.0,0.0,0.5,99.0,False,4.4,-0.5,2026-10-02,ok,,2026-10-02T14:02:52+00:00
2026-10-02,87,003160,디아이,KOSPI,stock,42500.0,2.41,54959.0,1285976.0,0.5,1.0,1.0,162.8,True,-30.8,-37.6,2026-10-02,ok,,2026-10-02T14:02:52+00:00
2026-10-02,88,098460,고영,KOSDAQ,stock,34450.0,1.17,54776.0,1612609.0,0.5,1.0,1.0,120.4,True,-7.8,-13.0,2026-10-02,ok,,2026-10-02T14:02:52+00:00
2026-10-02,89,089030,테크윙,KOSDAQ,stock,55700.0,-2.79,53314.0,953864.0,1.0,1.0,1.0,117.1,False,-9.8,-10.5,2026-10-02,ok,,2026-10-02T14:02:52+00:00
2026-10-02,90,032830,삼성생명,KOSPI,stock,288000.0,1.41,52261.0,183046.0,0.5,0.5,0.5,95.7,False,12.5,-1.3,2026-10-02,ok,,2026-10-02T14:02:52+00:00
2026-10-02,91,030530,원익홀딩스,KOSDAQ,stock,29350.0,4.82,52017.0,1787220.0,0.0,0.5,1.0,142.6,True,-6.8,-30.3,2026-10-02,ok,,2026-10-02T14:02:52+00:00
2026-10-02,92,005490,POSCO홀딩스,KOSPI,stock,311500.0,1.63,51991.0,168229.0,0.0,0.0,0.0,97.3,False,16.2,2.4,2026-10-02,ok,,2026-10-02T14:02:52+00:00
2026-10-02,93,439960,코스모로보틱스,KOSDAQ,stock,7900.0,-8.67,51774.0,6227471.0,,,,,,,,,short,,2026-10-02T14:02:52+00:00
2026-10-02,94,034730,SK,KOSPI,stock,578000.0,-1.53,51764.0,89870.0,0.5,0.5,0.5,102.3,False,8.0,-11.3,2026-10-02,ok,,2026-10-02T14:02:52+00:00
2026-10-02,95,086790,하나금융지주,KOSPI,stock,129600.0,1.01,51018.0,396097.0,1.0,1.0,1.0,97.9,False,-2.0,-7.2,2026-10-02,ok,,2026-10-02T14:02:52+00:00
2026-10-02,96,064350,현대로템,KOSPI,stock,115800.0,2.93,50853.0,441757.0,0.0,0.0,0.0,84.9,False,57.7,19.0,2026-10-02,ok,,2026-10-02T14:02:52+00:00
2026-10-02,97,017670,SK텔레콤,KOSPI,stock,88600.0,2.67,50835.0,575006.0,0.5,0.5,1.0,97.8,False,-1.1,-2.7,2026-10-02,ok,,2026-10-02T14:02:52+00:00
2026-10-02,98,028050,삼성E&A,KOSPI,stock,47850.0,1.06,50673.0,1065918.0,0.5,0.5,1.0,101.9,False,-2.5,-8.1,2026-10-02,ok,,2026-10-02T14:02:52+00:00
2026-10-02,99,095340,ISC,KOSDAQ,stock,210000.0,-6.46,48214.0,229819.0,0.5,1.0,1.0,126.1,True,-7.5,-15.8,2026-10-02,ok,,2026-10-02T14:02:52+00:00
2026-10-02,100,218410,RFHIC,KOSDAQ,stock,62200.0,3.67,48113.0,772381.0,0.0,0.0,0.5,124.8,True,3.1,-14.8,2026-10-02,ok,,2026-10-02T14:02:52+00:00
